"../../../Engine/Content/EngineResources/GradientTexture0.uasset" 0
"../../../Engine/Content/EngineResources/GradientTexture0.uexp" 1
"../../../Engine/Content/EditorResources/S_Actor.uasset" 2
"../../../Engine/Content/EditorResources/S_Actor.ubulk" 3
"../../../Engine/Content/EditorResources/S_Actor.uexp" 4
"../../../Engine/Content/EditorResources/S_Trigger.uasset" 5
"../../../Engine/Content/EditorResources/S_Trigger.ubulk" 6
"../../../Engine/Content/EditorResources/S_Trigger.uexp" 7
"../../../Engine/Content/EditorResources/S_BoxReflectionCapture.uasset" 8
"../../../Engine/Content/EditorResources/S_BoxReflectionCapture.uexp" 9
"../../../Engine/Content/EngineResources/DefaultTexture.uasset" 10
"../../../Engine/Content/EngineResources/DefaultTexture.ubulk" 11
"../../../Engine/Content/EngineResources/DefaultTexture.uexp" 12
"../../../Engine/Content/EditorResources/S_TriggerBox.uasset" 13
"../../../Engine/Content/EditorResources/S_TriggerBox.uexp" 14
"../../../Engine/Content/EditorResources/S_TriggerCapsule.uasset" 15
"../../../Engine/Content/EditorResources/S_TriggerCapsule.uexp" 16
"../../../Engine/Content/EditorResources/S_TriggerSphere.uasset" 17
"../../../Engine/Content/EditorResources/S_TriggerSphere.uexp" 18
"../../../Engine/Content/EngineMeshes/Sphere.uasset" 19
"../../../Engine/Content/EngineMeshes/Sphere.ubulk" 20
"../../../Engine/Content/EngineMeshes/Sphere.uexp" 21
"../../../Engine/Content/EngineResources/DefaultTextureCube.uasset" 22
"../../../Engine/Content/EngineResources/DefaultTextureCube.uexp" 23
"../../../Engine/Content/EngineResources/DefaultVolumeTexture2D.uasset" 24
"../../../Engine/Content/EngineResources/DefaultVolumeTexture2D.uexp" 25
"../../../Engine/Content/EngineResources/DefaultVolumeTexture.uasset" 26
"../../../Engine/Content/EngineResources/DefaultVolumeTexture.uexp" 27
"../../../Engine/Content/VREditor/TransformGizmo/Xray.uasset" 28
"../../../Engine/Content/VREditor/TransformGizmo/Xray.uexp" 29
"../../../Engine/Content/VREditor/TransformGizmo/Main.uasset" 30
"../../../Engine/Content/VREditor/TransformGizmo/Main.uexp" 31
"../../../Engine/Content/VREditor/TransformGizmo/SM_Sequencer_Node.uasset" 32
"../../../Engine/Content/VREditor/TransformGizmo/SM_Sequencer_Node.ubulk" 33
"../../../Engine/Content/VREditor/TransformGizmo/SM_Sequencer_Node.uexp" 34
"../../../Engine/Content/EditorResources/S_Solver.uasset" 35
"../../../Engine/Content/EditorResources/S_Solver.ubulk" 36
"../../../Engine/Content/EditorResources/S_Solver.uexp" 37
"../../../Engine/Content/EditorMaterials/Camera/CineMat.uasset" 38
"../../../Engine/Content/EditorMaterials/Camera/CineMat.uexp" 39
"../../../Engine/Content/EditorMaterials/Camera/MI_CineMat_Rig.uasset" 40
"../../../Engine/Content/EditorMaterials/Camera/MI_CineMat_Rig.uexp" 41
"../../../Engine/Content/EditorMeshes/Camera/SM_CraneRig_Base.uasset" 42
"../../../Engine/Content/EditorMeshes/Camera/SM_CraneRig_Base.ubulk" 43
"../../../Engine/Content/EditorMeshes/Camera/SM_CraneRig_Base.uexp" 44
"../../../Engine/Content/EditorMeshes/Camera/SM_CraneRig_Arm.uasset" 45
"../../../Engine/Content/EditorMeshes/Camera/SM_CraneRig_Arm.ubulk" 46
"../../../Engine/Content/EditorMeshes/Camera/SM_CraneRig_Arm.uexp" 47
"../../../Engine/Content/EditorMeshes/Camera/SM_CraneRig_Mount.uasset" 48
"../../../Engine/Content/EditorMeshes/Camera/SM_CraneRig_Mount.ubulk" 49
"../../../Engine/Content/EditorMeshes/Camera/SM_CraneRig_Mount.uexp" 50
"../../../Engine/Content/EditorMeshes/Camera/SM_CraneRig_Body.uasset" 51
"../../../Engine/Content/EditorMeshes/Camera/SM_CraneRig_Body.ubulk" 52
"../../../Engine/Content/EditorMeshes/Camera/SM_CraneRig_Body.uexp" 53
"../../../Engine/Content/EditorMeshes/Camera/SM_RailRig_Track.uasset" 54
"../../../Engine/Content/EditorMeshes/Camera/SM_RailRig_Track.ubulk" 55
"../../../Engine/Content/EditorMeshes/Camera/SM_RailRig_Track.uexp" 56
"../../../Engine/Content/EngineMaterials/T_Default_Material_Grid_M.uasset" 57
"../../../Engine/Content/EngineMaterials/T_Default_Material_Grid_M.ubulk" 58
"../../../Engine/Content/EngineMaterials/T_Default_Material_Grid_M.uexp" 59
"../../../Engine/Content/Functions/Engine_MaterialFunctions01/Opacity/CameraDepthFade.uasset" 60
"../../../Engine/Content/Functions/Engine_MaterialFunctions01/Opacity/CameraDepthFade.uexp" 61
"../../../Engine/Content/EngineMaterials/T_Default_Material_Grid_N.uasset" 62
"../../../Engine/Content/EngineMaterials/T_Default_Material_Grid_N.ubulk" 63
"../../../Engine/Content/EngineMaterials/T_Default_Material_Grid_N.uexp" 64
"../../../Engine/Content/EngineMaterials/WorldGridMaterial.uasset" 65
"../../../Engine/Content/EngineMaterials/WorldGridMaterial.uexp" 66
"../../../Engine/Plugins/Media/MediaPlate/Content/SM_MediaPlateScreen.uasset" 67
"../../../Engine/Plugins/Media/MediaPlate/Content/SM_MediaPlateScreen.ubulk" 68
"../../../Engine/Plugins/Media/MediaPlate/Content/SM_MediaPlateScreen.uexp" 69
"../../../Engine/Content/Functions/Engine_MaterialFunctions02/WorldPositionOffset/CameraOffset.uasset" 70
"../../../Engine/Content/Functions/Engine_MaterialFunctions02/WorldPositionOffset/CameraOffset.uexp" 71
"../../../Engine/Plugins/Animation/ControlRig/Content/M_Manip.uasset" 72
"../../../Engine/Plugins/Animation/ControlRig/Content/M_Manip.uexp" 73
"../../../Engine/Plugins/Animation/ACLPlugin/Content/ACLAnimCurveCompressionSettings.uasset" 74
"../../../Engine/Plugins/Animation/ACLPlugin/Content/ACLAnimCurveCompressionSettings.uexp" 75
"../../../Engine/Plugins/Animation/ACLPlugin/Content/ACLAnimBoneCompressionSettings.uasset" 76
"../../../Engine/Plugins/Animation/ACLPlugin/Content/ACLAnimBoneCompressionSettings.uexp" 77
"../../../Engine/Plugins/2D/Paper2D/Content/PlaceholderTextures/DummySpriteTexture.uasset" 78
"../../../Engine/Plugins/2D/Paper2D/Content/PlaceholderTextures/DummySpriteTexture.ubulk" 79
"../../../Engine/Plugins/2D/Paper2D/Content/PlaceholderTextures/DummySpriteTexture.uexp" 80
"../../../Engine/Plugins/2D/Paper2D/Content/DefaultSpriteMaterial.uasset" 81
"../../../Engine/Plugins/2D/Paper2D/Content/DefaultSpriteMaterial.uexp" 82
"../../../Engine/Plugins/2D/Paper2D/Content/OpaqueUnlitSpriteMaterial.uasset" 83
"../../../Engine/Plugins/2D/Paper2D/Content/OpaqueUnlitSpriteMaterial.uexp" 84
"../../../Engine/Plugins/2D/Paper2D/Content/MaskedUnlitSpriteMaterial.uasset" 85
"../../../Engine/Plugins/2D/Paper2D/Content/MaskedUnlitSpriteMaterial.uexp" 86
"../../../Engine/Plugins/2D/Paper2D/Content/DummySprite.uasset" 87
"../../../Engine/Plugins/2D/Paper2D/Content/DummySprite.uexp" 88
"../../../Engine/Plugins/2D/Paper2D/Content/DefaultPaperTerrainMaterial.uasset" 89
"../../../Engine/Plugins/2D/Paper2D/Content/DefaultPaperTerrainMaterial.uexp" 90
"../../../Engine/Plugins/VirtualProduction/CameraCalibrationCore/Content/Materials/M_DefaultOddSquare.uasset" 91
"../../../Engine/Plugins/VirtualProduction/CameraCalibrationCore/Content/Materials/M_DefaultOddSquare.uexp" 92
"../../../Engine/Plugins/VirtualProduction/CameraCalibrationCore/Content/Materials/M_DefaultEvenSquare.uasset" 93
"../../../Engine/Plugins/VirtualProduction/CameraCalibrationCore/Content/Materials/M_DefaultEvenSquare.uexp" 94
"../../../Engine/Plugins/Runtime/HairStrands/Content/Materials/HairMeshesDefaultMaterial.uasset" 95
"../../../Engine/Plugins/Runtime/HairStrands/Content/Materials/HairMeshesDefaultMaterial.uexp" 96
"../../../Engine/Plugins/Runtime/HairStrands/Content/Materials/HairDefaultMaterial.uasset" 97
"../../../Engine/Plugins/Runtime/HairStrands/Content/Materials/HairDefaultMaterial.uexp" 98
"../../../Engine/Content/Functions/Engine_MaterialFunctions02/Utility/MakeFloat2.uasset" 99
"../../../Engine/Content/Functions/Engine_MaterialFunctions02/Utility/MakeFloat2.uexp" 100
"../../../Engine/Content/Functions/Engine_MaterialFunctions02/Utility/MakeFloat3.uasset" 101
"../../../Engine/Content/Functions/Engine_MaterialFunctions02/Utility/MakeFloat3.uexp" 102
"../../../Engine/Content/EngineMaterials/HairDebugColor.uasset" 103
"../../../Engine/Content/EngineMaterials/HairDebugColor.uexp" 104
"../../../Engine/Content/EngineMaterials/HairColorMap.uasset" 105
"../../../Engine/Content/EngineMaterials/HairColorMap.uexp" 106
"../../../Engine/Plugins/Runtime/HairStrands/Content/Materials/HairGroupColors.uasset" 107
"../../../Engine/Plugins/Runtime/HairStrands/Content/Materials/HairGroupColors.uexp" 108
"../../../Engine/Plugins/Runtime/HairStrands/Content/Materials/HairDebugMaterial.uasset" 109
"../../../Engine/Plugins/Runtime/HairStrands/Content/Materials/HairDebugMaterial.uexp" 110
"../../../Engine/Plugins/Runtime/HairStrands/Content/Materials/HairCardsDefaultMaterial.uasset" 111
"../../../Engine/Plugins/Runtime/HairStrands/Content/Materials/HairCardsDefaultMaterial.uexp" 112
"../../../Engine/Plugins/Runtime/AudioWidgets/Content/Resources/ScrubHandleDown_Clamped.uasset" 113
"../../../Engine/Plugins/Runtime/AudioWidgets/Content/Resources/ScrubHandleDown_Clamped.uexp" 114
"../../../Engine/Plugins/Marketplace/MetaXR/Content/Textures/CRT_DistanceMap.uasset" 115
"../../../Engine/Plugins/Marketplace/MetaXR/Content/Textures/CRT_DistanceMap.uexp" 116
"../../../Engine/Plugins/Marketplace/MetaXR/Content/Meshes/SM_Bevelcube.uasset" 117
"../../../Engine/Plugins/Marketplace/MetaXR/Content/Meshes/SM_Bevelcube.ubulk" 118
"../../../Engine/Plugins/Marketplace/MetaXR/Content/Meshes/SM_Bevelcube.uexp" 119
"../../../Engine/Plugins/Marketplace/MetaXR/Content/Textures/TouchForQuestRiftSController_albedo.uasset" 120
"../../../Engine/Plugins/Marketplace/MetaXR/Content/Textures/TouchForQuestRiftSController_albedo.ubulk" 121
"../../../Engine/Plugins/Marketplace/MetaXR/Content/Textures/TouchForQuestRiftSController_albedo.uexp" 122
"../../../Engine/Plugins/Marketplace/MetaXR/Content/Materials/TouchForQuestRiftSControllerMaterial.uasset" 123
"../../../Engine/Plugins/Marketplace/MetaXR/Content/Materials/TouchForQuestRiftSControllerMaterial.uexp" 124
"../../../Engine/Plugins/Marketplace/MetaXR/Content/Meshes/RightTouchForQuestRiftSController.uasset" 125
"../../../Engine/Plugins/Marketplace/MetaXR/Content/Meshes/RightTouchForQuestRiftSController.ubulk" 126
"../../../Engine/Plugins/Marketplace/MetaXR/Content/Meshes/RightTouchForQuestRiftSController.uexp" 127
"../../../Engine/Plugins/Marketplace/MetaXR/Content/Textures/TouchForQuest2_Color.uasset" 128
"../../../Engine/Plugins/Marketplace/MetaXR/Content/Textures/TouchForQuest2_Color.ubulk" 129
"../../../Engine/Plugins/Marketplace/MetaXR/Content/Textures/TouchForQuest2_Color.uexp" 130
"../../../Engine/Plugins/Marketplace/MetaXR/Content/Textures/TouchForQuest2Material_Roughness.uasset" 131
"../../../Engine/Plugins/Marketplace/MetaXR/Content/Textures/TouchForQuest2Material_Roughness.ubulk" 132
"../../../Engine/Plugins/Marketplace/MetaXR/Content/Textures/TouchForQuest2Material_Roughness.uexp" 133
"../../../Engine/Plugins/Marketplace/MetaXR/Content/Materials/TouchForQuest2Material.uasset" 134
"../../../Engine/Plugins/Marketplace/MetaXR/Content/Materials/TouchForQuest2Material.uexp" 135
"../../../Engine/Plugins/Marketplace/MetaXR/Content/Meshes/RightTouchForQuest2.uasset" 136
"../../../Engine/Plugins/Marketplace/MetaXR/Content/Meshes/RightTouchForQuest2.ubulk" 137
"../../../Engine/Plugins/Marketplace/MetaXR/Content/Meshes/RightTouchForQuest2.uexp" 138
"../../../Engine/Plugins/Marketplace/MetaXR/Content/Textures/RightMetaQuestTouchPro_Color.uasset" 139
"../../../Engine/Plugins/Marketplace/MetaXR/Content/Textures/RightMetaQuestTouchPro_Color.ubulk" 140
"../../../Engine/Plugins/Marketplace/MetaXR/Content/Textures/RightMetaQuestTouchPro_Color.uexp" 141
"../../../Engine/Plugins/Marketplace/MetaXR/Content/Textures/RightMetaQuestTouchPro_Normal.uasset" 142
"../../../Engine/Plugins/Marketplace/MetaXR/Content/Textures/RightMetaQuestTouchPro_Normal.ubulk" 143
"../../../Engine/Plugins/Marketplace/MetaXR/Content/Textures/RightMetaQuestTouchPro_Normal.uexp" 144
"../../../Engine/Plugins/Marketplace/MetaXR/Content/Materials/RightMetaQuestTouchProMaterial.uasset" 145
"../../../Engine/Plugins/Marketplace/MetaXR/Content/Materials/RightMetaQuestTouchProMaterial.uexp" 146
"../../../Engine/Plugins/Marketplace/MetaXR/Content/Meshes/RightMetaQuestTouchPro.uasset" 147
"../../../Engine/Plugins/Marketplace/MetaXR/Content/Meshes/RightMetaQuestTouchPro.ubulk" 148
"../../../Engine/Plugins/Marketplace/MetaXR/Content/Meshes/RightMetaQuestTouchPro.uexp" 149
"../../../Engine/Plugins/Marketplace/MetaXR/Content/Textures/RightMetaQuestTouchPlus_Color.uasset" 150
"../../../Engine/Plugins/Marketplace/MetaXR/Content/Textures/RightMetaQuestTouchPlus_Color.ubulk" 151
"../../../Engine/Plugins/Marketplace/MetaXR/Content/Textures/RightMetaQuestTouchPlus_Color.uexp" 152
"../../../Engine/Plugins/Marketplace/MetaXR/Content/Materials/RightMetaQuestTouchPlusMaterial.uasset" 153
"../../../Engine/Plugins/Marketplace/MetaXR/Content/Materials/RightMetaQuestTouchPlusMaterial.uexp" 154
"../../../Engine/Plugins/Marketplace/MetaXR/Content/Meshes/RightMetaQuestTouchPlus.uasset" 155
"../../../Engine/Plugins/Marketplace/MetaXR/Content/Meshes/RightMetaQuestTouchPlus.ubulk" 156
"../../../Engine/Plugins/Marketplace/MetaXR/Content/Meshes/RightMetaQuestTouchPlus.uexp" 157
"../../../Engine/Plugins/Marketplace/MetaXR/Content/Meshes/LeftTouchForQuestRiftSController.uasset" 158
"../../../Engine/Plugins/Marketplace/MetaXR/Content/Meshes/LeftTouchForQuestRiftSController.ubulk" 159
"../../../Engine/Plugins/Marketplace/MetaXR/Content/Meshes/LeftTouchForQuestRiftSController.uexp" 160
"../../../Engine/Plugins/Marketplace/MetaXR/Content/Meshes/LeftTouchForQuest2.uasset" 161
"../../../Engine/Plugins/Marketplace/MetaXR/Content/Meshes/LeftTouchForQuest2.ubulk" 162
"../../../Engine/Plugins/Marketplace/MetaXR/Content/Meshes/LeftTouchForQuest2.uexp" 163
"../../../Engine/Plugins/Marketplace/MetaXR/Content/Textures/LeftMetaQuestTouchPro_Color.uasset" 164
"../../../Engine/Plugins/Marketplace/MetaXR/Content/Textures/LeftMetaQuestTouchPro_Color.ubulk" 165
"../../../Engine/Plugins/Marketplace/MetaXR/Content/Textures/LeftMetaQuestTouchPro_Color.uexp" 166
"../../../Engine/Plugins/Marketplace/MetaXR/Content/Textures/LeftMetaQuestTouchPro_Normal.uasset" 167
"../../../Engine/Plugins/Marketplace/MetaXR/Content/Textures/LeftMetaQuestTouchPro_Normal.ubulk" 168
"../../../Engine/Plugins/Marketplace/MetaXR/Content/Textures/LeftMetaQuestTouchPro_Normal.uexp" 169
"../../../Engine/Plugins/Marketplace/MetaXR/Content/Materials/LeftMetaQuestTouchProMaterial.uasset" 170
"../../../Engine/Plugins/Marketplace/MetaXR/Content/Materials/LeftMetaQuestTouchProMaterial.uexp" 171
"../../../Engine/Plugins/Marketplace/MetaXR/Content/Meshes/LeftMetaQuestTouchPro.uasset" 172
"../../../Engine/Plugins/Marketplace/MetaXR/Content/Meshes/LeftMetaQuestTouchPro.ubulk" 173
"../../../Engine/Plugins/Marketplace/MetaXR/Content/Meshes/LeftMetaQuestTouchPro.uexp" 174
"../../../Engine/Plugins/Marketplace/MetaXR/Content/Textures/LeftMetaQuestTouchPlus_Color.uasset" 175
"../../../Engine/Plugins/Marketplace/MetaXR/Content/Textures/LeftMetaQuestTouchPlus_Color.ubulk" 176
"../../../Engine/Plugins/Marketplace/MetaXR/Content/Textures/LeftMetaQuestTouchPlus_Color.uexp" 177
"../../../Engine/Plugins/Marketplace/MetaXR/Content/Materials/LeftMetaQuestTouchPlusMaterial.uasset" 178
"../../../Engine/Plugins/Marketplace/MetaXR/Content/Materials/LeftMetaQuestTouchPlusMaterial.uexp" 179
"../../../Engine/Plugins/Marketplace/MetaXR/Content/Meshes/LeftMetaQuestTouchPlus.uasset" 180
"../../../Engine/Plugins/Marketplace/MetaXR/Content/Meshes/LeftMetaQuestTouchPlus.ubulk" 181
"../../../Engine/Plugins/Marketplace/MetaXR/Content/Meshes/LeftMetaQuestTouchPlus.uexp" 182
"../../../Engine/Plugins/Marketplace/MetaXR/Content/Materials/PokeAHoleMaterial.uasset" 183
"../../../Engine/Plugins/Marketplace/MetaXR/Content/Materials/PokeAHoleMaterial.uexp" 184
"../../../Engine/Plugins/Marketplace/MetaXR/Content/Materials/OculusMR_OpaqueColoredMaterial.uasset" 185
"../../../Engine/Plugins/Marketplace/MetaXR/Content/Materials/OculusMR_OpaqueColoredMaterial.uexp" 186
"../../../Engine/Plugins/Marketplace/MetaXR/Content/Materials/M_SceneObjectMask.uasset" 187
"../../../Engine/Plugins/Marketplace/MetaXR/Content/Materials/M_SceneObjectMask.uexp" 188
"../../../Engine/Content/Functions/Engine_MaterialFunctions02/Utility/BreakOutFloat4Components.uasset" 189
"../../../Engine/Content/Functions/Engine_MaterialFunctions02/Utility/BreakOutFloat4Components.uexp" 190
"../../../Engine/Plugins/Marketplace/MetaXR/Content/Textures/CRT_JumpFlood1.uasset" 191
"../../../Engine/Plugins/Marketplace/MetaXR/Content/Textures/CRT_JumpFlood1.uexp" 192
"../../../Engine/Content/Functions/Engine_MaterialFunctions01/Texturing/PointSampledUVs.uasset" 193
"../../../Engine/Content/Functions/Engine_MaterialFunctions01/Texturing/PointSampledUVs.uexp" 194
"../../../Engine/Plugins/Marketplace/MetaXR/Content/Materials/M_JFAPass.uasset" 195
"../../../Engine/Plugins/Marketplace/MetaXR/Content/Materials/M_JFAPass.uexp" 196
"../../../Engine/Plugins/Marketplace/MetaXR/Content/Materials/M_FloorMask.uasset" 197
"../../../Engine/Plugins/Marketplace/MetaXR/Content/Materials/M_FloorMask.uexp" 198
"../../../Engine/Plugins/Marketplace/MetaXR/Content/Textures/CRT_JumpFlood2.uasset" 199
"../../../Engine/Plugins/Marketplace/MetaXR/Content/Textures/CRT_JumpFlood2.uexp" 200
"../../../Engine/Plugins/Marketplace/MetaXR/Content/Materials/M_DistanceMapOccupied.uasset" 201
"../../../Engine/Plugins/Marketplace/MetaXR/Content/Materials/M_DistanceMapOccupied.uexp" 202
"../../../Engine/Plugins/Marketplace/MetaXR/Content/Materials/M_DistanceMapFree.uasset" 203
"../../../Engine/Plugins/Marketplace/MetaXR/Content/Materials/M_DistanceMapFree.uexp" 204
"../../../Engine/Plugins/Marketplace/MetaXR/Content/Materials/M_DistanceMapAll.uasset" 205
"../../../Engine/Plugins/Marketplace/MetaXR/Content/Materials/M_DistanceMapAll.uexp" 206
"../../../Engine/Content/Functions/Engine_MaterialFunctions02/Utility/BreakOutFloat2Components.uasset" 207
"../../../Engine/Content/Functions/Engine_MaterialFunctions02/Utility/BreakOutFloat2Components.uexp" 208
"../../../Engine/Content/Functions/Engine_MaterialFunctions02/Utility/MakeFloat4.uasset" 209
"../../../Engine/Content/Functions/Engine_MaterialFunctions02/Utility/MakeFloat4.uexp" 210
"../../../Engine/Plugins/Marketplace/MetaXR/Content/Textures/CRT_Mask.uasset" 211
"../../../Engine/Plugins/Marketplace/MetaXR/Content/Textures/CRT_Mask.uexp" 212
"../../../Engine/Plugins/Marketplace/MetaXR/Content/Materials/M_CreateMask.uasset" 213
"../../../Engine/Plugins/Marketplace/MetaXR/Content/Materials/M_CreateMask.uexp" 214
"../../../Engine/Plugins/Marketplace/MetaXR/Content/Materials/MPC_Highlights.uasset" 215
"../../../Engine/Plugins/Marketplace/MetaXR/Content/Materials/MPC_Highlights.uexp" 216
"../../../Engine/Content/Functions/Engine_MaterialFunctions02/Utility/VectorLength.uasset" 217
"../../../Engine/Content/Functions/Engine_MaterialFunctions02/Utility/VectorLength.uexp" 218
"../../../Engine/Plugins/Marketplace/MetaXR/Content/Textures/T_BlobShadow.uasset" 219
"../../../Engine/Plugins/Marketplace/MetaXR/Content/Textures/T_BlobShadow.ubulk" 220
"../../../Engine/Plugins/Marketplace/MetaXR/Content/Textures/T_BlobShadow.uexp" 221
"../../../Engine/Content/Functions/Engine_MaterialFunctions02/WorldPositionOffset/V2/ObjectScale.uasset" 222
"../../../Engine/Content/Functions/Engine_MaterialFunctions02/WorldPositionOffset/V2/ObjectScale.uexp" 223
"../../../Engine/Plugins/Marketplace/MetaXR/Content/Materials/M_BlobShadow.uasset" 224
"../../../Engine/Plugins/Marketplace/MetaXR/Content/Materials/M_BlobShadow.uexp" 225
"../../../Engine/Plugins/Marketplace/MetaXR/Content/Materials/MI_BlobShadow.uasset" 226
"../../../Engine/Plugins/Marketplace/MetaXR/Content/Materials/MI_BlobShadow.uexp" 227
"../../../Engine/Plugins/Interchange/Assets/Content/Functions/MX_UsdPreviewSurface.uasset" 228
"../../../Engine/Plugins/Interchange/Assets/Content/Functions/MX_UsdPreviewSurface.uexp" 229
"../../../Engine/Plugins/Interchange/Assets/Content/Functions/MX_UniformEDF.uasset" 230
"../../../Engine/Plugins/Interchange/Assets/Content/Functions/MX_UniformEDF.uexp" 231
"../../../Engine/Plugins/Interchange/Assets/Content/Functions/MX_TranslucentBSDF.uasset" 232
"../../../Engine/Plugins/Interchange/Assets/Content/Functions/MX_TranslucentBSDF.uexp" 233
"../../../Engine/Plugins/Interchange/Assets/Content/Functions/MX_ThinFilmBSDF.uasset" 234
"../../../Engine/Plugins/Interchange/Assets/Content/Functions/MX_ThinFilmBSDF.uexp" 235
"../../../Engine/Plugins/Interchange/Assets/Content/Functions/MX_SurfaceUnlit.uasset" 236
"../../../Engine/Plugins/Interchange/Assets/Content/Functions/MX_SurfaceUnlit.uexp" 237
"../../../Engine/Plugins/Interchange/Assets/Content/Functions/MX_Surface.uasset" 238
"../../../Engine/Plugins/Interchange/Assets/Content/Functions/MX_Surface.uexp" 239
"../../../Engine/Plugins/Interchange/Assets/Content/Functions/MX_SubsurfaceBSDF.uasset" 240
"../../../Engine/Plugins/Interchange/Assets/Content/Functions/MX_SubsurfaceBSDF.uexp" 241
"../../../Engine/Plugins/Interchange/Assets/Content/Functions/MX_SheenBSDF.uasset" 242
"../../../Engine/Plugins/Interchange/Assets/Content/Functions/MX_SheenBSDF.uexp" 243
"../../../Engine/Plugins/Interchange/Assets/Content/Functions/MX_OrenNayarBSDF.uasset" 244
"../../../Engine/Plugins/Interchange/Assets/Content/Functions/MX_OrenNayarBSDF.uexp" 245
"../../../Engine/Plugins/Interchange/Assets/Content/Functions/MF_IridescenceNoLUT.uasset" 246
"../../../Engine/Plugins/Interchange/Assets/Content/Functions/MF_IridescenceNoLUT.uexp" 247
"../../../Engine/Plugins/Interchange/Assets/Content/Functions/MX_StandardSurface.uasset" 248
"../../../Engine/Plugins/Interchange/Assets/Content/Functions/MX_StandardSurface.uexp" 249
"../../../Engine/Plugins/Interchange/Assets/Content/Functions/MX_TransmissionSurface.uasset" 250
"../../../Engine/Plugins/Interchange/Assets/Content/Functions/MX_TransmissionSurface.uexp" 251
"../../../Engine/Plugins/Interchange/Assets/Content/Functions/MX_OpenPBR_Translucent.uasset" 252
"../../../Engine/Plugins/Interchange/Assets/Content/Functions/MX_OpenPBR_Translucent.uexp" 253
"../../../Engine/Plugins/Interchange/Assets/Content/Functions/MX_OpenPBR_Opaque.uasset" 254
"../../../Engine/Plugins/Interchange/Assets/Content/Functions/MX_OpenPBR_Opaque.uexp" 255
"../../../Engine/Plugins/Interchange/Assets/Content/Functions/MX_MeasuredEDF.uasset" 256
"../../../Engine/Plugins/Interchange/Assets/Content/Functions/MX_MeasuredEDF.uexp" 257
"../../../Engine/Plugins/Interchange/Assets/Content/Functions/MX_GeneralizedSchlickBSDF.uasset" 258
"../../../Engine/Plugins/Interchange/Assets/Content/Functions/MX_GeneralizedSchlickBSDF.uexp" 259
"../../../Engine/Plugins/Interchange/Assets/Content/Functions/MX_Displacement.uasset" 260
"../../../Engine/Plugins/Interchange/Assets/Content/Functions/MX_Displacement.uexp" 261
"../../../Engine/Plugins/Interchange/Assets/Content/Functions/MX_DielectricBSDF.uasset" 262
"../../../Engine/Plugins/Interchange/Assets/Content/Functions/MX_DielectricBSDF.uexp" 263
"../../../Engine/Plugins/Interchange/Assets/Content/Functions/MX_ConicalEDF.uasset" 264
"../../../Engine/Plugins/Interchange/Assets/Content/Functions/MX_ConicalEDF.uexp" 265
"../../../Engine/Plugins/Interchange/Assets/Content/Functions/MX_ConductorBSDF.uasset" 266
"../../../Engine/Plugins/Interchange/Assets/Content/Functions/MX_ConductorBSDF.uexp" 267
"../../../Engine/Plugins/Interchange/Assets/Content/Functions/MX_BurleyDiffuseBSDF.uasset" 268
"../../../Engine/Plugins/Interchange/Assets/Content/Functions/MX_BurleyDiffuseBSDF.uexp" 269
"../../../Engine/Plugins/Interchange/Assets/Content/Functions/MX_AnisotropicVDF.uasset" 270
"../../../Engine/Plugins/Interchange/Assets/Content/Functions/MX_AnisotropicVDF.uexp" 271
"../../../Engine/Plugins/Interchange/Assets/Content/Functions/MX_AbsorptionVDF.uasset" 272
"../../../Engine/Plugins/Interchange/Assets/Content/Functions/MX_AbsorptionVDF.uexp" 273
"../../../Engine/Content/Functions/Engine_MaterialFunctions02/WorldPositionOffset/ObjectScale.uasset" 274
"../../../Engine/Content/Functions/Engine_MaterialFunctions02/WorldPositionOffset/ObjectScale.uexp" 275
"../../../Engine/Content/Functions/Engine_MaterialFunctions02/Utility/BreakOutFloat3Components.uasset" 276
"../../../Engine/Content/Functions/Engine_MaterialFunctions02/Utility/BreakOutFloat3Components.uexp" 277
"../../../Engine/Content/Functions/Engine_MaterialFunctions02/SafeNormalize.uasset" 278
"../../../Engine/Content/Functions/Engine_MaterialFunctions02/SafeNormalize.uexp" 279
"../../../Engine/Plugins/Editor/SpeedTreeImporter/Content/SpeedTree9/UnpackInteger3.uasset" 280
"../../../Engine/Plugins/Editor/SpeedTreeImporter/Content/SpeedTree9/UnpackInteger3.uexp" 281
"../../../Engine/Plugins/Editor/SpeedTreeImporter/Content/SpeedTree9/UnpackDirection.uasset" 282
"../../../Engine/Plugins/Editor/SpeedTreeImporter/Content/SpeedTree9/UnpackDirection.uexp" 283
"../../../Engine/Plugins/Editor/SpeedTreeImporter/Content/SpeedTree9/game_wind_noise.uasset" 284
"../../../Engine/Plugins/Editor/SpeedTreeImporter/Content/SpeedTree9/game_wind_noise.ubulk" 285
"../../../Engine/Plugins/Editor/SpeedTreeImporter/Content/SpeedTree9/game_wind_noise.uexp" 286
"../../../Engine/Plugins/Editor/SpeedTreeImporter/Content/SpeedTree9/SpeedTreeWindMotion.uasset" 287
"../../../Engine/Plugins/Editor/SpeedTreeImporter/Content/SpeedTree9/SpeedTreeWindMotion.uexp" 288
"../../../Engine/Content/Functions/Engine_MaterialFunctions02/ObjectLocalBounds.uasset" 289
"../../../Engine/Content/Functions/Engine_MaterialFunctions02/ObjectLocalBounds.uexp" 290
"../../../Engine/Content/Functions/Engine_MaterialFunctions02/UVs/BoundingBoxBased_0-1_UVW.uasset" 291
"../../../Engine/Content/Functions/Engine_MaterialFunctions02/UVs/BoundingBoxBased_0-1_UVW.uexp" 292
"../../../Engine/Plugins/Editor/SpeedTreeImporter/Content/SpeedTree9/SpeedTreeBranchMotion.uasset" 293
"../../../Engine/Plugins/Editor/SpeedTreeImporter/Content/SpeedTree9/SpeedTreeBranchMotion.uexp" 294
"../../../Engine/Plugins/Editor/SpeedTreeImporter/Content/SpeedTree9/SpeedTreeWind.uasset" 295
"../../../Engine/Plugins/Editor/SpeedTreeImporter/Content/SpeedTree9/SpeedTreeWind.uexp" 296
"../../../Engine/Plugins/Editor/SpeedTreeImporter/Content/SpeedTree9/Empty.uasset" 297
"../../../Engine/Plugins/Editor/SpeedTreeImporter/Content/SpeedTree9/Empty.uexp" 298
"../../../Engine/Plugins/Editor/SpeedTreeImporter/Content/SpeedTree9/EmptyNormal.uasset" 299
"../../../Engine/Plugins/Editor/SpeedTreeImporter/Content/SpeedTree9/EmptyNormal.uexp" 300
"../../../Engine/Plugins/Editor/SpeedTreeImporter/Content/SpeedTree9/SpeedTreeCameraFacing.uasset" 301
"../../../Engine/Plugins/Editor/SpeedTreeImporter/Content/SpeedTree9/SpeedTreeCameraFacing.uexp" 302
"../../../Engine/Plugins/Editor/SpeedTreeImporter/Content/SpeedTree9/SpeedTreeMaster.uasset" 303
"../../../Engine/Plugins/Editor/SpeedTreeImporter/Content/SpeedTree9/SpeedTreeMaster.uexp" 304
"../../../Engine/Plugins/Editor/SpeedTreeImporter/Content/SpeedTree9/SpeedTreeBillboard.uasset" 305
"../../../Engine/Plugins/Editor/SpeedTreeImporter/Content/SpeedTree9/SpeedTreeBillboard.uexp" 306
"../../../Engine/Plugins/Editor/SpeedTreeImporter/Content/SpeedTree9/SpeedTreeBillboardMaster.uasset" 307
"../../../Engine/Plugins/Editor/SpeedTreeImporter/Content/SpeedTree9/SpeedTreeBillboardMaster.uexp" 308
"../../../Engine/Plugins/Animation/ControlRig/Content/Controls/DefaultGizmoLibraryNormalized.uasset" 309
"../../../Engine/Plugins/Animation/ControlRig/Content/Controls/DefaultGizmoLibraryNormalized.uexp" 310
"../../../Engine/Plugins/Animation/ControlRig/Content/Controls/ControlRig_Wedge_solid.uasset" 311
"../../../Engine/Plugins/Animation/ControlRig/Content/Controls/ControlRig_Wedge_solid.ubulk" 312
"../../../Engine/Plugins/Animation/ControlRig/Content/Controls/ControlRig_Wedge_solid.uexp" 313
"../../../Engine/Plugins/Animation/ControlRig/Content/Controls/ControlRig_Wedge_3mm.uasset" 314
"../../../Engine/Plugins/Animation/ControlRig/Content/Controls/ControlRig_Wedge_3mm.ubulk" 315
"../../../Engine/Plugins/Animation/ControlRig/Content/Controls/ControlRig_Wedge_3mm.uexp" 316
"../../../Engine/Plugins/Animation/ControlRig/Content/Controls/ControlRig_Wedge_1mm.uasset" 317
"../../../Engine/Plugins/Animation/ControlRig/Content/Controls/ControlRig_Wedge_1mm.ubulk" 318
"../../../Engine/Plugins/Animation/ControlRig/Content/Controls/ControlRig_Wedge_1mm.uexp" 319
"../../../Engine/Plugins/Animation/ControlRig/Content/Controls/ControlRig_Triangle_solid.uasset" 320
"../../../Engine/Plugins/Animation/ControlRig/Content/Controls/ControlRig_Triangle_solid.ubulk" 321
"../../../Engine/Plugins/Animation/ControlRig/Content/Controls/ControlRig_Triangle_solid.uexp" 322
"../../../Engine/Plugins/Animation/ControlRig/Content/Controls/ControlRig_Triangle_3mm.uasset" 323
"../../../Engine/Plugins/Animation/ControlRig/Content/Controls/ControlRig_Triangle_3mm.ubulk" 324
"../../../Engine/Plugins/Animation/ControlRig/Content/Controls/ControlRig_Triangle_3mm.uexp" 325
"../../../Engine/Plugins/Animation/ControlRig/Content/Controls/ControlRig_Triangle_1mm.uasset" 326
"../../../Engine/Plugins/Animation/ControlRig/Content/Controls/ControlRig_Triangle_1mm.ubulk" 327
"../../../Engine/Plugins/Animation/ControlRig/Content/Controls/ControlRig_Triangle_1mm.uexp" 328
"../../../Engine/Plugins/Animation/ControlRig/Content/Controls/ControlRig_Star4_solid.uasset" 329
"../../../Engine/Plugins/Animation/ControlRig/Content/Controls/ControlRig_Star4_solid.ubulk" 330
"../../../Engine/Plugins/Animation/ControlRig/Content/Controls/ControlRig_Star4_solid.uexp" 331
"../../../Engine/Plugins/Animation/ControlRig/Content/Controls/ControlRig_Star4_3mm.uasset" 332
"../../../Engine/Plugins/Animation/ControlRig/Content/Controls/ControlRig_Star4_3mm.ubulk" 333
"../../../Engine/Plugins/Animation/ControlRig/Content/Controls/ControlRig_Star4_3mm.uexp" 334
"../../../Engine/Plugins/Animation/ControlRig/Content/Controls/ControlRig_Star4_1mm.uasset" 335
"../../../Engine/Plugins/Animation/ControlRig/Content/Controls/ControlRig_Star4_1mm.ubulk" 336
"../../../Engine/Plugins/Animation/ControlRig/Content/Controls/ControlRig_Star4_1mm.uexp" 337
"../../../Engine/Plugins/Animation/ControlRig/Content/Controls/ControlRig_Square_solid.uasset" 338
"../../../Engine/Plugins/Animation/ControlRig/Content/Controls/ControlRig_Square_solid.ubulk" 339
"../../../Engine/Plugins/Animation/ControlRig/Content/Controls/ControlRig_Square_solid.uexp" 340
"../../../Engine/Plugins/Animation/ControlRig/Content/Controls/ControlRig_Square_3mm.uasset" 341
"../../../Engine/Plugins/Animation/ControlRig/Content/Controls/ControlRig_Square_3mm.ubulk" 342
"../../../Engine/Plugins/Animation/ControlRig/Content/Controls/ControlRig_Square_3mm.uexp" 343
"../../../Engine/Plugins/Animation/ControlRig/Content/Controls/ControlRig_Square_1mm.uasset" 344
"../../../Engine/Plugins/Animation/ControlRig/Content/Controls/ControlRig_Square_1mm.ubulk" 345
"../../../Engine/Plugins/Animation/ControlRig/Content/Controls/ControlRig_Square_1mm.uexp" 346
"../../../Engine/Plugins/Animation/ControlRig/Content/Controls/ControlRig_Sphere_solid.uasset" 347
"../../../Engine/Plugins/Animation/ControlRig/Content/Controls/ControlRig_Sphere_solid.ubulk" 348
"../../../Engine/Plugins/Animation/ControlRig/Content/Controls/ControlRig_Sphere_solid.uexp" 349
"../../../Engine/Plugins/Animation/ControlRig/Content/Controls/ControlRig_Sphere_3mm.uasset" 350
"../../../Engine/Plugins/Animation/ControlRig/Content/Controls/ControlRig_Sphere_3mm.ubulk" 351
"../../../Engine/Plugins/Animation/ControlRig/Content/Controls/ControlRig_Sphere_3mm.uexp" 352
"../../../Engine/Plugins/Animation/ControlRig/Content/Controls/ControlRig_Sphere_1mm.uasset" 353
"../../../Engine/Plugins/Animation/ControlRig/Content/Controls/ControlRig_Sphere_1mm.ubulk" 354
"../../../Engine/Plugins/Animation/ControlRig/Content/Controls/ControlRig_Sphere_1mm.uexp" 355
"../../../Engine/Plugins/Animation/ControlRig/Content/Controls/ControlRig_RoundedTriangle_solid.uasset" 356
"../../../Engine/Plugins/Animation/ControlRig/Content/Controls/ControlRig_RoundedTriangle_solid.ubulk" 357
"../../../Engine/Plugins/Animation/ControlRig/Content/Controls/ControlRig_RoundedTriangle_solid.uexp" 358
"../../../Engine/Plugins/Animation/ControlRig/Content/Controls/ControlRig_RoundedTriangle_3mm.uasset" 359
"../../../Engine/Plugins/Animation/ControlRig/Content/Controls/ControlRig_RoundedTriangle_3mm.ubulk" 360
"../../../Engine/Plugins/Animation/ControlRig/Content/Controls/ControlRig_RoundedTriangle_3mm.uexp" 361
"../../../Engine/Plugins/Animation/ControlRig/Content/Controls/ControlRig_RoundedTriangle_1mm.uasset" 362
"../../../Engine/Plugins/Animation/ControlRig/Content/Controls/ControlRig_RoundedTriangle_1mm.ubulk" 363
"../../../Engine/Plugins/Animation/ControlRig/Content/Controls/ControlRig_RoundedTriangle_1mm.uexp" 364
"../../../Engine/Plugins/Animation/ControlRig/Content/Controls/ControlRig_RoundedSquare_solid.uasset" 365
"../../../Engine/Plugins/Animation/ControlRig/Content/Controls/ControlRig_RoundedSquare_solid.ubulk" 366
"../../../Engine/Plugins/Animation/ControlRig/Content/Controls/ControlRig_RoundedSquare_solid.uexp" 367
"../../../Engine/Plugins/Animation/ControlRig/Content/Controls/ControlRig_RoundedSquare_3mm.uasset" 368
"../../../Engine/Plugins/Animation/ControlRig/Content/Controls/ControlRig_RoundedSquare_3mm.ubulk" 369
"../../../Engine/Plugins/Animation/ControlRig/Content/Controls/ControlRig_RoundedSquare_3mm.uexp" 370
"../../../Engine/Plugins/Animation/ControlRig/Content/Controls/ControlRig_RoundedSquare_1mm.uasset" 371
"../../../Engine/Plugins/Animation/ControlRig/Content/Controls/ControlRig_RoundedSquare_1mm.ubulk" 372
"../../../Engine/Plugins/Animation/ControlRig/Content/Controls/ControlRig_RoundedSquare_1mm.uexp" 373
"../../../Engine/Plugins/Animation/ControlRig/Content/Controls/ControlRig_QuarterCircle_solid.uasset" 374
"../../../Engine/Plugins/Animation/ControlRig/Content/Controls/ControlRig_QuarterCircle_solid.ubulk" 375
"../../../Engine/Plugins/Animation/ControlRig/Content/Controls/ControlRig_QuarterCircle_solid.uexp" 376
"../../../Engine/Plugins/Animation/ControlRig/Content/Controls/ControlRig_QuarterCircle_3mm.uasset" 377
"../../../Engine/Plugins/Animation/ControlRig/Content/Controls/ControlRig_QuarterCircle_3mm.ubulk" 378
"../../../Engine/Plugins/Animation/ControlRig/Content/Controls/ControlRig_QuarterCircle_3mm.uexp" 379
"../../../Engine/Plugins/Animation/ControlRig/Content/Controls/ControlRig_QuarterCircle_1mm.uasset" 380
"../../../Engine/Plugins/Animation/ControlRig/Content/Controls/ControlRig_QuarterCircle_1mm.ubulk" 381
"../../../Engine/Plugins/Animation/ControlRig/Content/Controls/ControlRig_QuarterCircle_1mm.uexp" 382
"../../../Engine/Plugins/Animation/ControlRig/Content/Controls/ControlRig_Pyramid_solid.uasset" 383
"../../../Engine/Plugins/Animation/ControlRig/Content/Controls/ControlRig_Pyramid_solid.ubulk" 384
"../../../Engine/Plugins/Animation/ControlRig/Content/Controls/ControlRig_Pyramid_solid.uexp" 385
"../../../Engine/Plugins/Animation/ControlRig/Content/Controls/ControlRig_Pyramid_3mm.uasset" 386
"../../../Engine/Plugins/Animation/ControlRig/Content/Controls/ControlRig_Pyramid_3mm.ubulk" 387
"../../../Engine/Plugins/Animation/ControlRig/Content/Controls/ControlRig_Pyramid_3mm.uexp" 388
"../../../Engine/Plugins/Animation/ControlRig/Content/Controls/ControlRig_Pyramid_1mm.uasset" 389
"../../../Engine/Plugins/Animation/ControlRig/Content/Controls/ControlRig_Pyramid_1mm.ubulk" 390
"../../../Engine/Plugins/Animation/ControlRig/Content/Controls/ControlRig_Pyramid_1mm.uexp" 391
"../../../Engine/Plugins/Animation/ControlRig/Content/Controls/ControlRig_Octagon_solid.uasset" 392
"../../../Engine/Plugins/Animation/ControlRig/Content/Controls/ControlRig_Octagon_solid.ubulk" 393
"../../../Engine/Plugins/Animation/ControlRig/Content/Controls/ControlRig_Octagon_solid.uexp" 394
"../../../Engine/Plugins/Animation/ControlRig/Content/Controls/ControlRig_Octagon_3mm.uasset" 395
"../../../Engine/Plugins/Animation/ControlRig/Content/Controls/ControlRig_Octagon_3mm.ubulk" 396
"../../../Engine/Plugins/Animation/ControlRig/Content/Controls/ControlRig_Octagon_3mm.uexp" 397
"../../../Engine/Plugins/Animation/ControlRig/Content/Controls/ControlRig_Octagon_1mm.uasset" 398
"../../../Engine/Plugins/Animation/ControlRig/Content/Controls/ControlRig_Octagon_1mm.ubulk" 399
"../../../Engine/Plugins/Animation/ControlRig/Content/Controls/ControlRig_Octagon_1mm.uexp" 400
"../../../Engine/Plugins/Animation/ControlRig/Content/Controls/ControlRig_Hexagon_solid.uasset" 401
"../../../Engine/Plugins/Animation/ControlRig/Content/Controls/ControlRig_Hexagon_solid.ubulk" 402
"../../../Engine/Plugins/Animation/ControlRig/Content/Controls/ControlRig_Hexagon_solid.uexp" 403
"../../../Engine/Plugins/Animation/ControlRig/Content/Controls/ControlRig_Hexagon_3mm.uasset" 404
"../../../Engine/Plugins/Animation/ControlRig/Content/Controls/ControlRig_Hexagon_3mm.ubulk" 405
"../../../Engine/Plugins/Animation/ControlRig/Content/Controls/ControlRig_Hexagon_3mm.uexp" 406
"../../../Engine/Plugins/Animation/ControlRig/Content/Controls/ControlRig_Hexagon_1mm.uasset" 407
"../../../Engine/Plugins/Animation/ControlRig/Content/Controls/ControlRig_Hexagon_1mm.ubulk" 408
"../../../Engine/Plugins/Animation/ControlRig/Content/Controls/ControlRig_Hexagon_1mm.uexp" 409
"../../../Engine/Plugins/Animation/ControlRig/Content/Controls/ControlRig_HalfCircle_solid.uasset" 410
"../../../Engine/Plugins/Animation/ControlRig/Content/Controls/ControlRig_HalfCircle_solid.ubulk" 411
"../../../Engine/Plugins/Animation/ControlRig/Content/Controls/ControlRig_HalfCircle_solid.uexp" 412
"../../../Engine/Plugins/Animation/ControlRig/Content/Controls/ControlRig_HalfCircle_3mm.uasset" 413
"../../../Engine/Plugins/Animation/ControlRig/Content/Controls/ControlRig_HalfCircle_3mm.ubulk" 414
"../../../Engine/Plugins/Animation/ControlRig/Content/Controls/ControlRig_HalfCircle_3mm.uexp" 415
"../../../Engine/Plugins/Animation/ControlRig/Content/Controls/ControlRig_HalfCircle_1mm.uasset" 416
"../../../Engine/Plugins/Animation/ControlRig/Content/Controls/ControlRig_HalfCircle_1mm.ubulk" 417
"../../../Engine/Plugins/Animation/ControlRig/Content/Controls/ControlRig_HalfCircle_1mm.uexp" 418
"../../../Engine/Plugins/Animation/ControlRig/Content/Controls/ControlRig_Diamond_solid.uasset" 419
"../../../Engine/Plugins/Animation/ControlRig/Content/Controls/ControlRig_Diamond_solid.ubulk" 420
"../../../Engine/Plugins/Animation/ControlRig/Content/Controls/ControlRig_Diamond_solid.uexp" 421
"../../../Engine/Plugins/Animation/ControlRig/Content/Controls/ControlRig_Diamond_3mm.uasset" 422
"../../../Engine/Plugins/Animation/ControlRig/Content/Controls/ControlRig_Diamond_3mm.ubulk" 423
"../../../Engine/Plugins/Animation/ControlRig/Content/Controls/ControlRig_Diamond_3mm.uexp" 424
"../../../Engine/Plugins/Animation/ControlRig/Content/Controls/ControlRig_Diamond_1mm.uasset" 425
"../../../Engine/Plugins/Animation/ControlRig/Content/Controls/ControlRig_Diamond_1mm.ubulk" 426
"../../../Engine/Plugins/Animation/ControlRig/Content/Controls/ControlRig_Diamond_1mm.uexp" 427
"../../../Engine/Plugins/Animation/ControlRig/Content/Controls/ControlRig_Circle_solid.uasset" 428
"../../../Engine/Plugins/Animation/ControlRig/Content/Controls/ControlRig_Circle_solid.ubulk" 429
"../../../Engine/Plugins/Animation/ControlRig/Content/Controls/ControlRig_Circle_solid.uexp" 430
"../../../Engine/Plugins/Animation/ControlRig/Content/Controls/ControlRig_Circle_3mm.uasset" 431
"../../../Engine/Plugins/Animation/ControlRig/Content/Controls/ControlRig_Circle_3mm.ubulk" 432
"../../../Engine/Plugins/Animation/ControlRig/Content/Controls/ControlRig_Circle_3mm.uexp" 433
"../../../Engine/Plugins/Animation/ControlRig/Content/Controls/ControlRig_Circle_1mm.uasset" 434
"../../../Engine/Plugins/Animation/ControlRig/Content/Controls/ControlRig_Circle_1mm.ubulk" 435
"../../../Engine/Plugins/Animation/ControlRig/Content/Controls/ControlRig_Circle_1mm.uexp" 436
"../../../Engine/Plugins/Animation/ControlRig/Content/Controls/ControlRig_Box_solid.uasset" 437
"../../../Engine/Plugins/Animation/ControlRig/Content/Controls/ControlRig_Box_solid.ubulk" 438
"../../../Engine/Plugins/Animation/ControlRig/Content/Controls/ControlRig_Box_solid.uexp" 439
"../../../Engine/Plugins/Animation/ControlRig/Content/Controls/ControlRig_Box_3mm.uasset" 440
"../../../Engine/Plugins/Animation/ControlRig/Content/Controls/ControlRig_Box_3mm.ubulk" 441
"../../../Engine/Plugins/Animation/ControlRig/Content/Controls/ControlRig_Box_3mm.uexp" 442
"../../../Engine/Plugins/Animation/ControlRig/Content/Controls/ControlRig_Box_1mm.uasset" 443
"../../../Engine/Plugins/Animation/ControlRig/Content/Controls/ControlRig_Box_1mm.ubulk" 444
"../../../Engine/Plugins/Animation/ControlRig/Content/Controls/ControlRig_Box_1mm.uexp" 445
"../../../Engine/Plugins/Animation/ControlRig/Content/Controls/ControlRig_Arrow_solid.uasset" 446
"../../../Engine/Plugins/Animation/ControlRig/Content/Controls/ControlRig_Arrow_solid.ubulk" 447
"../../../Engine/Plugins/Animation/ControlRig/Content/Controls/ControlRig_Arrow_solid.uexp" 448
"../../../Engine/Plugins/Animation/ControlRig/Content/Controls/ControlRig_Arrow_3mm.uasset" 449
"../../../Engine/Plugins/Animation/ControlRig/Content/Controls/ControlRig_Arrow_3mm.ubulk" 450
"../../../Engine/Plugins/Animation/ControlRig/Content/Controls/ControlRig_Arrow_3mm.uexp" 451
"../../../Engine/Plugins/Animation/ControlRig/Content/Controls/ControlRig_Arrow_1mm.uasset" 452
"../../../Engine/Plugins/Animation/ControlRig/Content/Controls/ControlRig_Arrow_1mm.ubulk" 453
"../../../Engine/Plugins/Animation/ControlRig/Content/Controls/ControlRig_Arrow_1mm.uexp" 454
"../../../Engine/Plugins/Animation/ControlRig/Content/Controls/ControlRig_Arrow4_solid.uasset" 455
"../../../Engine/Plugins/Animation/ControlRig/Content/Controls/ControlRig_Arrow4_solid.ubulk" 456
"../../../Engine/Plugins/Animation/ControlRig/Content/Controls/ControlRig_Arrow4_solid.uexp" 457
"../../../Engine/Plugins/Animation/ControlRig/Content/Controls/ControlRig_Arrow4_3mm.uasset" 458
"../../../Engine/Plugins/Animation/ControlRig/Content/Controls/ControlRig_Arrow4_3mm.ubulk" 459
"../../../Engine/Plugins/Animation/ControlRig/Content/Controls/ControlRig_Arrow4_3mm.uexp" 460
"../../../Engine/Plugins/Animation/ControlRig/Content/Controls/ControlRig_Arrow4_1mm.uasset" 461
"../../../Engine/Plugins/Animation/ControlRig/Content/Controls/ControlRig_Arrow4_1mm.ubulk" 462
"../../../Engine/Plugins/Animation/ControlRig/Content/Controls/ControlRig_Arrow4_1mm.uexp" 463
"../../../Engine/Plugins/Animation/ControlRig/Content/Controls/ControlRig_Arrow2_solid.uasset" 464
"../../../Engine/Plugins/Animation/ControlRig/Content/Controls/ControlRig_Arrow2_solid.ubulk" 465
"../../../Engine/Plugins/Animation/ControlRig/Content/Controls/ControlRig_Arrow2_solid.uexp" 466
"../../../Engine/Plugins/Animation/ControlRig/Content/Controls/ControlRig_Arrow2_3mm.uasset" 467
"../../../Engine/Plugins/Animation/ControlRig/Content/Controls/ControlRig_Arrow2_3mm.ubulk" 468
"../../../Engine/Plugins/Animation/ControlRig/Content/Controls/ControlRig_Arrow2_3mm.uexp" 469
"../../../Engine/Plugins/Animation/ControlRig/Content/Controls/ControlRig_Arrow2_1mm.uasset" 470
"../../../Engine/Plugins/Animation/ControlRig/Content/Controls/ControlRig_Arrow2_1mm.ubulk" 471
"../../../Engine/Plugins/Animation/ControlRig/Content/Controls/ControlRig_Arrow2_1mm.uexp" 472
"../../../Engine/Plugins/Animation/ControlRig/Content/Controls/ControlRigXRayMaterial.uasset" 473
"../../../Engine/Plugins/Animation/ControlRig/Content/Controls/ControlRigXRayMaterial.uexp" 474
"../../../Engine/Plugins/Animation/ControlRig/Content/Controls/ControlRigGizmoMaterial.uasset" 475
"../../../Engine/Plugins/Animation/ControlRig/Content/Controls/ControlRigGizmoMaterial.uexp" 476
"../../../Engine/Content/VREditor/Sounds/UI/Drop_Item_From_ContentBrowser.uasset" 477
"../../../Engine/Content/VREditor/Sounds/UI/Drop_Item_From_ContentBrowser.ubulk" 478
"../../../Engine/Content/VREditor/Sounds/UI/Drop_Item_From_ContentBrowser.uexp" 479
"../../../Engine/Content/VREditor/LaserPointer/VR_LaserPower_01.uasset" 480
"../../../Engine/Content/VREditor/LaserPointer/VR_LaserPower_01.ubulk" 481
"../../../Engine/Content/VREditor/LaserPointer/VR_LaserPower_01.uexp" 482
"../../../Engine/Content/VREditor/TransformGizmo/TransformGizmoMaterial.uasset" 483
"../../../Engine/Content/VREditor/TransformGizmo/TransformGizmoMaterial.uexp" 484
"../../../Engine/Content/VREditor/TransformGizmo/TransformGizmoMaterial_Inst.uasset" 485
"../../../Engine/Content/VREditor/TransformGizmo/TransformGizmoMaterial_Inst.uexp" 486
"../../../Engine/Content/VREditor/TransformGizmo/TranslucentTransformGizmoMaterial.uasset" 487
"../../../Engine/Content/VREditor/TransformGizmo/TranslucentTransformGizmoMaterial.uexp" 488
"../../../Engine/Content/VREditor/TransformGizmo/TranslucentTransformGizmoMaterial_Inst.uasset" 489
"../../../Engine/Content/VREditor/TransformGizmo/TranslucentTransformGizmoMaterial_Inst.uexp" 490
"../../../Engine/Content/Functions/Engine_MaterialFunctions02/SplitComponents.uasset" 491
"../../../Engine/Content/Functions/Engine_MaterialFunctions02/SplitComponents.uexp" 492
"../../../Engine/Content/Functions/Engine_MaterialFunctions02/Math/Transform3x3Matrix.uasset" 493
"../../../Engine/Content/Functions/Engine_MaterialFunctions02/Math/Transform3x3Matrix.uexp" 494
"../../../Engine/Content/VREditor/SnapGrid/SnapGridMaterial.uasset" 495
"../../../Engine/Content/VREditor/SnapGrid/SnapGridMaterial.uexp" 496
"../../../Engine/Content/VREditor/SnapGrid/SnapGridPlaneMesh.uasset" 497
"../../../Engine/Content/VREditor/SnapGrid/SnapGridPlaneMesh.ubulk" 498
"../../../Engine/Content/VREditor/SnapGrid/SnapGridPlaneMesh.uexp" 499
"../../../Engine/Content/VREditor/Sounds/UI/Gizmo_Handle_Clicked.uasset" 500
"../../../Engine/Content/VREditor/Sounds/UI/Gizmo_Handle_Clicked.ubulk" 501
"../../../Engine/Content/VREditor/Sounds/UI/Gizmo_Handle_Clicked.uexp" 502
"../../../Engine/Content/VREditor/Sounds/UI/Object_PickUp.uasset" 503
"../../../Engine/Content/VREditor/Sounds/UI/Object_PickUp.ubulk" 504
"../../../Engine/Content/VREditor/Sounds/UI/Object_PickUp.uexp" 505
"../../../Engine/Content/VREditor/Sounds/UI/Object_Snaps_To_Another_Actor.uasset" 506
"../../../Engine/Content/VREditor/Sounds/UI/Object_Snaps_To_Another_Actor.ubulk" 507
"../../../Engine/Content/VREditor/Sounds/UI/Object_Snaps_To_Another_Actor.uexp" 508
"../../../Engine/Content/VREditor/Sounds/UI/Object_Snaps_To_Grid.uasset" 509
"../../../Engine/Content/VREditor/Sounds/UI/Object_Snaps_To_Grid.ubulk" 510
"../../../Engine/Content/VREditor/Sounds/UI/Object_Snaps_To_Grid.uexp" 511
"../../../Engine/Content/VREditor/Sounds/UI/Scaling_Down.uasset" 512
"../../../Engine/Content/VREditor/Sounds/UI/Scaling_Down.ubulk" 513
"../../../Engine/Content/VREditor/Sounds/UI/Scaling_Down.uexp" 514
"../../../Engine/Content/VREditor/Sounds/UI/Scaling_Up.uasset" 515
"../../../Engine/Content/VREditor/Sounds/UI/Scaling_Up.ubulk" 516
"../../../Engine/Content/VREditor/Sounds/UI/Scaling_Up.uexp" 517
"../../../Engine/Content/VREditor/Sounds/UI/Selection_Changes.uasset" 518
"../../../Engine/Content/VREditor/Sounds/UI/Selection_Changes.ubulk" 519
"../../../Engine/Content/VREditor/Sounds/UI/Selection_Changes.uexp" 520
"../../../Engine/Content/VREditor/TransformGizmo/PlaneTranslationHandle.uasset" 521
"../../../Engine/Content/VREditor/TransformGizmo/PlaneTranslationHandle.ubulk" 522
"../../../Engine/Content/VREditor/TransformGizmo/PlaneTranslationHandle.uexp" 523
"../../../Engine/Content/VREditor/TransformGizmo/RotationHandleFull.uasset" 524
"../../../Engine/Content/VREditor/TransformGizmo/RotationHandleFull.ubulk" 525
"../../../Engine/Content/VREditor/TransformGizmo/RotationHandleFull.uexp" 526
"../../../Engine/Content/VREditor/TransformGizmo/RotationHandleIndicator.uasset" 527
"../../../Engine/Content/VREditor/TransformGizmo/RotationHandleIndicator.ubulk" 528
"../../../Engine/Content/VREditor/TransformGizmo/RotationHandleIndicator.uexp" 529
"../../../Engine/Content/VREditor/TransformGizmo/RotationHandleQuarter.uasset" 530
"../../../Engine/Content/VREditor/TransformGizmo/RotationHandleQuarter.ubulk" 531
"../../../Engine/Content/VREditor/TransformGizmo/RotationHandleQuarter.uexp" 532
"../../../Engine/Content/VREditor/TransformGizmo/StartRotationHandleIndicator.uasset" 533
"../../../Engine/Content/VREditor/TransformGizmo/StartRotationHandleIndicator.ubulk" 534
"../../../Engine/Content/VREditor/TransformGizmo/StartRotationHandleIndicator.uexp" 535
"../../../Engine/Content/VREditor/TransformGizmo/TransformGizmoFreeRotation.uasset" 536
"../../../Engine/Content/VREditor/TransformGizmo/TransformGizmoFreeRotation.ubulk" 537
"../../../Engine/Content/VREditor/TransformGizmo/TransformGizmoFreeRotation.uexp" 538
"../../../Engine/Content/VREditor/TransformGizmo/TranslateArrowHandle.uasset" 539
"../../../Engine/Content/VREditor/TransformGizmo/TranslateArrowHandle.ubulk" 540
"../../../Engine/Content/VREditor/TransformGizmo/TranslateArrowHandle.uexp" 541
"../../../Engine/Content/VREditor/TransformGizmo/UniformScaleHandle.uasset" 542
"../../../Engine/Content/VREditor/TransformGizmo/UniformScaleHandle.ubulk" 543
"../../../Engine/Content/VREditor/TransformGizmo/UniformScaleHandle.uexp" 544
"../../../Engine/Content/EngineSounds/Master.uasset" 545
"../../../Engine/Content/EngineSounds/Master.uexp" 546
"../../../Engine/Content/EngineResources/LandscapeVisibilityLayerInfo.uasset" 547
"../../../Engine/Content/EngineResources/LandscapeVisibilityLayerInfo.uexp" 548
"../../../Engine/Content/EngineResources/WhiteSquareTexture.uasset" 549
"../../../Engine/Content/EngineResources/WhiteSquareTexture.uexp" 550
"../../../Engine/Content/EngineMaterials/Widget3DPassThrough.uasset" 551
"../../../Engine/Content/EngineMaterials/Widget3DPassThrough.uexp" 552
"../../../Engine/Content/EngineMaterials/Widget3DPassThrough_Translucent.uasset" 553
"../../../Engine/Content/EngineMaterials/Widget3DPassThrough_Translucent.uexp" 554
"../../../Engine/Content/EngineMaterials/Widget3DPassThrough_Translucent_OneSided.uasset" 555
"../../../Engine/Content/EngineMaterials/Widget3DPassThrough_Translucent_OneSided.uexp" 556
"../../../Engine/Content/EngineMaterials/Widget3DPassThrough_Opaque.uasset" 557
"../../../Engine/Content/EngineMaterials/Widget3DPassThrough_Opaque.uexp" 558
"../../../Engine/Content/EngineMaterials/Widget3DPassThrough_Opaque_OneSided.uasset" 559
"../../../Engine/Content/EngineMaterials/Widget3DPassThrough_Opaque_OneSided.uexp" 560
"../../../Engine/Content/EngineMaterials/Widget3DPassThrough_Masked_OneSided.uasset" 561
"../../../Engine/Content/EngineMaterials/Widget3DPassThrough_Masked_OneSided.uexp" 562
"../../../Engine/Content/EngineMaterials/Widget3DPassThrough_Masked.uasset" 563
"../../../Engine/Content/EngineMaterials/Widget3DPassThrough_Masked.uexp" 564
"../../../Engine/Content/EngineMaterials/WeightMapPlaceholderTexture.uasset" 565
"../../../Engine/Content/EngineMaterials/WeightMapPlaceholderTexture.uexp" 566
"../../../Engine/Content/EngineMaterials/WeightMapArrayPlaceholderTexture.uasset" 567
"../../../Engine/Content/EngineMaterials/WeightMapArrayPlaceholderTexture.uexp" 568
"../../../Engine/Content/EngineMaterials/RemoveSurfaceMaterial.uasset" 569
"../../../Engine/Content/EngineMaterials/RemoveSurfaceMaterial.uexp" 570
"../../../Engine/Content/EngineMaterials/PreintegratedSkinBRDF.uasset" 571
"../../../Engine/Content/EngineMaterials/PreintegratedSkinBRDF.uexp" 572
"../../../Engine/Content/EngineMaterials/DefaultCalibrationGrayscale.uasset" 573
"../../../Engine/Content/EngineMaterials/DefaultCalibrationGrayscale.uexp" 574
"../../../Engine/Content/EngineMaterials/PPM_DefaultCalibrationGrayscale.uasset" 575
"../../../Engine/Content/EngineMaterials/PPM_DefaultCalibrationGrayscale.uexp" 576
"../../../Engine/Content/EngineMaterials/DefaultCalibrationColor.uasset" 577
"../../../Engine/Content/EngineMaterials/DefaultCalibrationColor.uexp" 578
"../../../Engine/Content/EngineMaterials/PPM_DefaultCalibrationColor.uasset" 579
"../../../Engine/Content/EngineMaterials/PPM_DefaultCalibrationColor.uexp" 580
"../../../Engine/Content/EngineMaterials/PhAT_JointLimitMaterial.uasset" 581
"../../../Engine/Content/EngineMaterials/PhAT_JointLimitMaterial.uexp" 582
"../../../Engine/Content/EngineMaterials/NaniteHiddenSectionMaterial.uasset" 583
"../../../Engine/Content/EngineMaterials/NaniteHiddenSectionMaterial.uexp" 584
"../../../Engine/Content/EngineMaterials/InvalidLightmapSettings.uasset" 585
"../../../Engine/Content/EngineMaterials/InvalidLightmapSettings.ubulk" 586
"../../../Engine/Content/EngineMaterials/InvalidLightmapSettings.uexp" 587
"../../../Engine/Content/EngineMaterials/M_InvalidLightmapSettings.uasset" 588
"../../../Engine/Content/EngineMaterials/M_InvalidLightmapSettings.uexp" 589
"../../../Engine/Content/EngineMaterials/MiniFont.uasset" 590
"../../../Engine/Content/EngineMaterials/MiniFont.uexp" 591
"../../../Engine/Content/EngineMaterials/GizmoMaterial.uasset" 592
"../../../Engine/Content/EngineMaterials/GizmoMaterial.uexp" 593
"../../../Engine/Content/EngineMaterials/BaseFlattenDiffuseMap_VT.uasset" 594
"../../../Engine/Content/EngineMaterials/BaseFlattenDiffuseMap_VT.uexp" 595
"../../../Engine/Content/EngineMaterials/BaseFlattenEmissiveMap_VT.uasset" 596
"../../../Engine/Content/EngineMaterials/BaseFlattenEmissiveMap_VT.uexp" 597
"../../../Engine/Content/EngineMaterials/BaseFlattenGrayscaleMap_VT.uasset" 598
"../../../Engine/Content/EngineMaterials/BaseFlattenGrayscaleMap_VT.uexp" 599
"../../../Engine/Content/EngineMaterials/BaseFlattenLinearColor_VT.uasset" 600
"../../../Engine/Content/EngineMaterials/BaseFlattenLinearColor_VT.uexp" 601
"../../../Engine/Content/EngineMaterials/BaseFlattenNormalMap_VT.uasset" 602
"../../../Engine/Content/EngineMaterials/BaseFlattenNormalMap_VT.uexp" 603
"../../../Engine/Content/EngineMaterials/Black_1x1_EXR_Texture_VT.uasset" 604
"../../../Engine/Content/EngineMaterials/Black_1x1_EXR_Texture_VT.uexp" 605
"../../../Engine/Content/EngineMaterials/FlattenMaterial_WS_Normal_VT.uasset" 606
"../../../Engine/Content/EngineMaterials/FlattenMaterial_WS_Normal_VT.uexp" 607
"../../../Engine/Content/EngineMaterials/FlattenMaterial_VT.uasset" 608
"../../../Engine/Content/EngineMaterials/FlattenMaterial_VT.uexp" 609
"../../../Engine/Content/EngineMaterials/BaseFlattenNormalMap.uasset" 610
"../../../Engine/Content/EngineMaterials/BaseFlattenNormalMap.uexp" 611
"../../../Engine/Content/EngineMaterials/BaseFlattenDiffuseMap.uasset" 612
"../../../Engine/Content/EngineMaterials/BaseFlattenDiffuseMap.uexp" 613
"../../../Engine/Content/EngineMaterials/BaseFlattenEmissiveMap.uasset" 614
"../../../Engine/Content/EngineMaterials/BaseFlattenEmissiveMap.uexp" 615
"../../../Engine/Content/EngineMaterials/BaseFlattenGrayscaleMap.uasset" 616
"../../../Engine/Content/EngineMaterials/BaseFlattenGrayscaleMap.uexp" 617
"../../../Engine/Content/EngineMaterials/BaseFlattenLinearColor.uasset" 618
"../../../Engine/Content/EngineMaterials/BaseFlattenLinearColor.uexp" 619
"../../../Engine/Content/Functions/Engine_MaterialFunctions02/PivotPainter2/Black_1x1_EXR_Texture.uasset" 620
"../../../Engine/Content/Functions/Engine_MaterialFunctions02/PivotPainter2/Black_1x1_EXR_Texture.uexp" 621
"../../../Engine/Content/EngineMaterials/FlattenMaterial.uasset" 622
"../../../Engine/Content/EngineMaterials/FlattenMaterial.uexp" 623
"../../../Engine/Content/EngineMaterials/FastBlueNoise_vec2_128x128x64.uasset" 624
"../../../Engine/Content/EngineMaterials/FastBlueNoise_vec2_128x128x64.uexp" 625
"../../../Engine/Content/EngineMaterials/FastBlueNoise_scalar_128x128x8.uasset" 626
"../../../Engine/Content/EngineMaterials/FastBlueNoise_scalar_128x128x8.uexp" 627
"../../../Engine/Content/EngineMaterials/FastBlueNoise_scalar_128x128x64.uasset" 628
"../../../Engine/Content/EngineMaterials/FastBlueNoise_scalar_128x128x64.uexp" 629
"../../../Engine/Content/EngineMaterials/DefaultWhiteGrid_Low.uasset" 630
"../../../Engine/Content/EngineMaterials/DefaultWhiteGrid_Low.uexp" 631
"../../../Engine/Content/EngineMaterials/EmissiveMeshMaterial.uasset" 632
"../../../Engine/Content/EngineMaterials/EmissiveMeshMaterial.uexp" 633
"../../../Engine/Content/EngineMaterials/DefaultWhiteGrid.uasset" 634
"../../../Engine/Content/EngineMaterials/DefaultWhiteGrid.ubulk" 635
"../../../Engine/Content/EngineMaterials/DefaultWhiteGrid.uexp" 636
"../../../Engine/Content/EngineFonts/RobotoDistanceField.uasset" 637
"../../../Engine/Content/EngineFonts/RobotoDistanceField.uexp" 638
"../../../Engine/Content/EngineMaterials/DefaultTextMaterialOpaque.uasset" 639
"../../../Engine/Content/EngineMaterials/DefaultTextMaterialOpaque.uexp" 640
"../../../Engine/Content/EngineMaterials/DefaultDiffuse.uasset" 641
"../../../Engine/Content/EngineMaterials/DefaultDiffuse.ubulk" 642
"../../../Engine/Content/EngineMaterials/DefaultDiffuse.uexp" 643
"../../../Engine/Content/EngineMaterials/DefaultPostProcessMaterial.uasset" 644
"../../../Engine/Content/EngineMaterials/DefaultPostProcessMaterial.uexp" 645
"../../../Engine/Content/EngineMaterials/DefaultLightFunctionMaterial.uasset" 646
"../../../Engine/Content/EngineMaterials/DefaultLightFunctionMaterial.uexp" 647
"../../../Engine/Content/EngineMaterials/DefaultDestructiblePhysicalMaterial.uasset" 648
"../../../Engine/Content/EngineMaterials/DefaultDestructiblePhysicalMaterial.uexp" 649
"../../../Engine/Content/EngineMaterials/DefaultDeferredDecalMaterial.uasset" 650
"../../../Engine/Content/EngineMaterials/DefaultDeferredDecalMaterial.uexp" 651
"../../../Engine/Content/EngineMaterials/DefaultBokeh.uasset" 652
"../../../Engine/Content/EngineMaterials/DefaultBokeh.uexp" 653
"../../../Engine/Content/EngineMaterials/DefaultBloomKernel.uasset" 654
"../../../Engine/Content/EngineMaterials/DefaultBloomKernel.uexp" 655
"../../../Engine/Content/EngineFonts/Faces/DroidSansFallback.uasset" 656
"../../../Engine/Content/EngineFonts/Faces/DroidSansFallback.ufont" 657
"../../../Engine/Content/EngineFonts/Faces/DroidSansFallback.uexp" 658
"../../../Engine/Content/EngineFonts/Faces/RobotoBold.uasset" 659
"../../../Engine/Content/EngineFonts/Faces/RobotoBold.ufont" 660
"../../../Engine/Content/EngineFonts/Faces/RobotoBold.uexp" 661
"../../../Engine/Content/EngineFonts/Faces/RobotoBoldItalic.uasset" 662
"../../../Engine/Content/EngineFonts/Faces/RobotoBoldItalic.ufont" 663
"../../../Engine/Content/EngineFonts/Faces/RobotoBoldItalic.uexp" 664
"../../../Engine/Content/EngineFonts/Faces/RobotoItalic.uasset" 665
"../../../Engine/Content/EngineFonts/Faces/RobotoItalic.ufont" 666
"../../../Engine/Content/EngineFonts/Faces/RobotoItalic.uexp" 667
"../../../Engine/Content/EngineFonts/Faces/RobotoLight.uasset" 668
"../../../Engine/Content/EngineFonts/Faces/RobotoLight.ufont" 669
"../../../Engine/Content/EngineFonts/Faces/RobotoLight.uexp" 670
"../../../Engine/Content/EngineFonts/Faces/RobotoRegular.uasset" 671
"../../../Engine/Content/EngineFonts/Faces/RobotoRegular.ufont" 672
"../../../Engine/Content/EngineFonts/Faces/RobotoRegular.uexp" 673
"../../../Engine/Content/EngineFonts/Roboto.uasset" 674
"../../../Engine/Content/EngineFonts/Roboto.uexp" 675
"../../../Engine/Content/EngineFonts/Faces/DroidSansMono.uasset" 676
"../../../Engine/Content/EngineFonts/Faces/DroidSansMono.ufont" 677
"../../../Engine/Content/EngineFonts/Faces/DroidSansMono.uexp" 678
"../../../Engine/Content/EngineFonts/DroidSansMono.uasset" 679
"../../../Engine/Content/EngineFonts/DroidSansMono.uexp" 680
"../../../Engine/Content/EditorMeshes/Camera/SM_RailRig_Mount.uasset" 681
"../../../Engine/Content/EditorMeshes/Camera/SM_RailRig_Mount.ubulk" 682
"../../../Engine/Content/EditorMeshes/Camera/SM_RailRig_Mount.uexp" 683
"../../../Engine/Content/Functions/Engine_MaterialFunctions02/Utility/CameraDirectionVector.uasset" 684
"../../../Engine/Content/Functions/Engine_MaterialFunctions02/Utility/CameraDirectionVector.uexp" 685
"../../../Engine/Content/EngineDebugMaterials/VolumeToRender.uasset" 686
"../../../Engine/Content/EngineDebugMaterials/VolumeToRender.uexp" 687
"../../../Engine/Content/EngineDebugMaterials/M_VolumeRenderSphereTracePP.uasset" 688
"../../../Engine/Content/EngineDebugMaterials/M_VolumeRenderSphereTracePP.uexp" 689
"../../../Engine/Content/EngineDebugMaterials/M_SimpleUnlitTranslucent.uasset" 690
"../../../Engine/Content/EngineDebugMaterials/M_SimpleUnlitTranslucent.uexp" 691
"../../../Engine/Content/EngineDebugMaterials/DebugMeshMaterial.uasset" 692
"../../../Engine/Content/EngineDebugMaterials/DebugMeshMaterial.uexp" 693
"../../../Engine/Content/EngineDebugMaterials/DebugEditorMaterial.uasset" 694
"../../../Engine/Content/EngineDebugMaterials/DebugEditorMaterial.uexp" 695
"../../../Engine/Content/EngineDamageTypes/DmgTypeBP_Environmental.uasset" 696
"../../../Engine/Content/EngineDamageTypes/DmgTypeBP_Environmental.uexp" 697
"D:/FYP/ExtendedRealityNotes/Content/VRTemplate/VFX/NPC_VRTemplate.uasset" 698
"D:/FYP/ExtendedRealityNotes/Content/VRTemplate/VFX/NPC_VRTemplate.uexp" 699
"../../../Engine/Content/EditorResources/S_Terrain.uasset" 700
"../../../Engine/Content/EditorResources/S_Terrain.ubulk" 701
"../../../Engine/Content/EditorResources/S_Terrain.uexp" 702
"../../../Engine/Content/EditorResources/BSPVertex.uasset" 703
"../../../Engine/Content/EditorResources/BSPVertex.uexp" 704
"../../../Engine/Content/EditorMaterials/PreviewShadowIndicator.uasset" 705
"../../../Engine/Content/EditorMaterials/PreviewShadowIndicator.ubulk" 706
"../../../Engine/Content/EditorMaterials/PreviewShadowIndicator.uexp" 707
"../../../Engine/Content/EditorMaterials/PreviewShadowIndicatorMaterial.uasset" 708
"../../../Engine/Content/EditorMaterials/PreviewShadowIndicatorMaterial.uexp" 709
"../../../Engine/Content/EditorMaterials/PhAT_UnselectedMaterial.uasset" 710
"../../../Engine/Content/EditorMaterials/PhAT_UnselectedMaterial.uexp" 711
"../../../Engine/Content/EditorMaterials/PhAT_NoCollisionMaterial.uasset" 712
"../../../Engine/Content/EditorMaterials/PhAT_NoCollisionMaterial.uexp" 713
"../../../Engine/Content/EditorLandscapeResources/SplineEditorMeshMat.uasset" 714
"../../../Engine/Content/EditorLandscapeResources/SplineEditorMeshMat.uexp" 715
"../../../Engine/Content/EditorLandscapeResources/SplineEditorMesh.uasset" 716
"../../../Engine/Content/EditorLandscapeResources/SplineEditorMesh.ubulk" 717
"../../../Engine/Content/EditorLandscapeResources/SplineEditorMesh.uexp" 718
"../../../Engine/Content/EditorLandscapeResources/WhiteSquareTexture.uasset" 719
"../../../Engine/Content/EditorLandscapeResources/WhiteSquareTexture.uexp" 720
"../../../Engine/Content/EditorLandscapeResources/DefaultAlphaTexture.uasset" 721
"../../../Engine/Content/EditorLandscapeResources/DefaultAlphaTexture.uexp" 722
"../../../Engine/Content/Functions/Engine_MaterialFunctions03/Math/WithinRangeFloat2.uasset" 723
"../../../Engine/Content/Functions/Engine_MaterialFunctions03/Math/WithinRangeFloat2.uexp" 724
"../../../Engine/Content/EditorLandscapeResources/SelectBrushMaterial.uasset" 725
"../../../Engine/Content/EditorLandscapeResources/SelectBrushMaterial.uexp" 726
"../../../Engine/Content/EditorLandscapeResources/SelectBrushMaterial_SelectedRegion.uasset" 727
"../../../Engine/Content/EditorLandscapeResources/SelectBrushMaterial_SelectedRegion.uexp" 728
"../../../Engine/Content/EditorLandscapeResources/SelectBrushMaterial_Selected.uasset" 729
"../../../Engine/Content/EditorLandscapeResources/SelectBrushMaterial_Selected.uexp" 730
"../../../Engine/Content/EditorLandscapeResources/MaskBrushMaterial.uasset" 731
"../../../Engine/Content/EditorLandscapeResources/MaskBrushMaterial.uexp" 732
"../../../Engine/Content/EditorLandscapeResources/MaskBrushMaterial_MaskedRegion.uasset" 733
"../../../Engine/Content/EditorLandscapeResources/MaskBrushMaterial_MaskedRegion.uexp" 734
"../../../Engine/Content/EditorLandscapeResources/LayerVisMaterial.uasset" 735
"../../../Engine/Content/EditorLandscapeResources/LayerVisMaterial.uexp" 736
"../../../Engine/Content/Functions/Engine_MaterialFunctions01/Texturing/ScaleUVsByCenter.uasset" 737
"../../../Engine/Content/Functions/Engine_MaterialFunctions01/Texturing/ScaleUVsByCenter.uexp" 738
"../../../Engine/Content/Functions/Engine_MaterialFunctions01/Texturing/TextureCropping.uasset" 739
"../../../Engine/Content/Functions/Engine_MaterialFunctions01/Texturing/TextureCropping.uexp" 740
"../../../Engine/Content/Functions/Engine_MaterialFunctions02/ExampleContent/DebugNumberStrip.uasset" 741
"../../../Engine/Content/Functions/Engine_MaterialFunctions02/ExampleContent/DebugNumberStrip.uexp" 742
"../../../Engine/Content/Functions/Engine_MaterialFunctions01/Debug/DebugIntValues.uasset" 743
"../../../Engine/Content/Functions/Engine_MaterialFunctions01/Debug/DebugIntValues.uexp" 744
"../../../Engine/Content/Functions/Engine_MaterialFunctions02/WorldPositionOffset/LocalPosition.uasset" 745
"../../../Engine/Content/Functions/Engine_MaterialFunctions02/WorldPositionOffset/LocalPosition.uexp" 746
"../../../Engine/Content/EditorLandscapeResources/LandscapeLayerUsageMaterial.uasset" 747
"../../../Engine/Content/EditorLandscapeResources/LandscapeLayerUsageMaterial.uexp" 748
"../../../Engine/Content/EditorLandscapeResources/LandscapeDirtyMaterial.uasset" 749
"../../../Engine/Content/EditorLandscapeResources/LandscapeDirtyMaterial.uexp" 750
"../../../Engine/Content/EditorLandscapeResources/ColorMaskBrushMaterial.uasset" 751
"../../../Engine/Content/EditorLandscapeResources/ColorMaskBrushMaterial.uexp" 752
"../../../Engine/Content/EditorLandscapeResources/ColorMaskBrushMaterial_MaskedRegion.uasset" 753
"../../../Engine/Content/EditorLandscapeResources/ColorMaskBrushMaterial_MaskedRegion.uexp" 754
"../../../Engine/Content/BasicShapes/Plane.uasset" 755
"../../../Engine/Content/BasicShapes/Plane.ubulk" 756
"../../../Engine/Content/BasicShapes/Plane.uexp" 757
"../../../Engine/Content/EngineMaterials/DefaultMaterial.uasset" 758
"../../../Engine/Content/EngineMaterials/DefaultMaterial.uexp" 759
"../../../Engine/Content/BasicShapes/Cylinder.uasset" 760
"../../../Engine/Content/BasicShapes/Cylinder.ubulk" 761
"../../../Engine/Content/BasicShapes/Cylinder.uexp" 762
"../../../Engine/Content/Animation/DefaultVariableFrameStrippingSettings.uasset" 763
"../../../Engine/Content/Animation/DefaultVariableFrameStrippingSettings.uexp" 764
"../../../Engine/Content/EditorMaterials/Dataflow/DataflowVertexMaterial.uasset" 765
"../../../Engine/Content/EditorMaterials/Dataflow/DataflowVertexMaterial.uexp" 766
"../../../Engine/Content/EditorMaterials/Dataflow/DataflowTwoSidedVertexMaterial.uasset" 767
"../../../Engine/Content/EditorMaterials/Dataflow/DataflowTwoSidedVertexMaterial.uexp" 768
"../../../Engine/Content/EngineResources/FilmGrains/Marcie_Grain_v3_128_M2_000.uasset" 769
"../../../Engine/Content/EngineResources/FilmGrains/Marcie_Grain_v3_128_M2_000.uexp" 770
"../../../Engine/Content/EngineResources/Development/ZenLogo_64.uasset" 771
"../../../Engine/Content/EngineResources/Development/ZenLogo_64.uexp" 772
"../../../Engine/Content/EngineMaterials/LTC/Sheen_LTC.uasset" 773
"../../../Engine/Content/EngineMaterials/LTC/Sheen_LTC.uexp" 774
"../../../Engine/Content/EngineMaterials/LTC/GGX_LTCMat.uasset" 775
"../../../Engine/Content/EngineMaterials/LTC/GGX_LTCMat.uexp" 776
"../../../Engine/Content/EngineMaterials/LTC/GGX_LTCAmp.uasset" 777
"../../../Engine/Content/EngineMaterials/LTC/GGX_LTCAmp.uexp" 778
"../../../Engine/Content/EngineMaterials/EnergyConservation/Sheen_Energy.uasset" 779
"../../../Engine/Content/EngineMaterials/EnergyConservation/Sheen_Energy.uexp" 780
"../../../Engine/Content/EngineMaterials/EnergyConservation/SheenLegacy_Energy.uasset" 781
"../../../Engine/Content/EngineMaterials/EnergyConservation/SheenLegacy_Energy.uexp" 782
"../../../Engine/Content/EngineMaterials/EnergyConservation/GGX_TransmissionEnergyArray.uasset" 783
"../../../Engine/Content/EngineMaterials/EnergyConservation/GGX_TransmissionEnergyArray.uexp" 784
"../../../Engine/Content/EngineMaterials/EnergyConservation/GGX_ReflectionEnergy.uasset" 785
"../../../Engine/Content/EngineMaterials/EnergyConservation/GGX_ReflectionEnergy.uexp" 786
"../../../Engine/Content/EngineMaterials/EnergyConservation/Diffuse_Energy.uasset" 787
"../../../Engine/Content/EngineMaterials/EnergyConservation/Diffuse_Energy.uexp" 788
"../../../Engine/Content/EditorMaterials/ParticleSystems/PSysThumbnail_OOD.uasset" 789
"../../../Engine/Content/EditorMaterials/ParticleSystems/PSysThumbnail_OOD.ubulk" 790
"../../../Engine/Content/EditorMaterials/ParticleSystems/PSysThumbnail_OOD.uexp" 791
"../../../Engine/Content/EditorMaterials/ParticleSystems/PSysThumbnail_NoImage.uasset" 792
"../../../Engine/Content/EditorMaterials/ParticleSystems/PSysThumbnail_NoImage.ubulk" 793
"../../../Engine/Content/EditorMaterials/ParticleSystems/PSysThumbnail_NoImage.uexp" 794
"../../../Engine/Content/EngineMaterials/Substrate/GLints/AGlintTex2dArray.uasset" 795
"../../../Engine/Content/EngineMaterials/Substrate/GLints/AGlintTex2dArray.uexp" 796
"../../../Engine/Content/EditorResources/SequenceRecorder/RecordingIndicator.uasset" 797
"../../../Engine/Content/EditorResources/SequenceRecorder/RecordingIndicator.uexp" 798
"../../../Engine/Content/EditorResources/SequenceRecorder/Countdown.uasset" 799
"../../../Engine/Content/EditorResources/SequenceRecorder/Countdown.uexp" 800
"../../../Engine/Content/ArtTools/RenderToTexture/Meshes/S_1_Unit_Plane.uasset" 801
"../../../Engine/Content/ArtTools/RenderToTexture/Meshes/S_1_Unit_Plane.ubulk" 802
"../../../Engine/Content/ArtTools/RenderToTexture/Meshes/S_1_Unit_Plane.uexp" 803
"../../../Engine/Content/EngineMaterials/Substrate/Volume/SubstrateSimpleVolumeLUT3D.uasset" 804
"../../../Engine/Content/EngineMaterials/Substrate/Volume/SubstrateSimpleVolumeLUT3D.uexp" 805
"../../../Engine/Content/EngineMaterials/Substrate/Volume/SubstrateSimpleVolumeEnvLUT3D.uasset" 806
"../../../Engine/Content/EngineMaterials/Substrate/Volume/SubstrateSimpleVolumeEnvLUT3D.uexp" 807
"../../../Engine/Content/EngineMaterials/Substrate/Glints2/AGlintTex2dArray2.uasset" 808
"../../../Engine/Content/EngineMaterials/Substrate/Glints2/AGlintTex2dArray2.uexp" 809
"../../../Engine/Content/EngineResources/Black.uasset" 810
"../../../Engine/Content/EngineResources/Black.uexp" 811
"../../../Engine/Plugins/Runtime/OpenXR/Content/Devices/M_XRController.uasset" 812
"../../../Engine/Plugins/Runtime/OpenXR/Content/Devices/M_XRController.uexp" 813
"../../../Engine/Plugins/Runtime/OpenXR/Content/Devices/OculusGo/BaseTexture.uasset" 814
"../../../Engine/Plugins/Runtime/OpenXR/Content/Devices/OculusGo/BaseTexture.ubulk" 815
"../../../Engine/Plugins/Runtime/OpenXR/Content/Devices/OculusGo/BaseTexture.uexp" 816
"../../../Engine/Plugins/Runtime/OpenXR/Content/Devices/OculusGo/MI_OculusGo.uasset" 817
"../../../Engine/Plugins/Runtime/OpenXR/Content/Devices/OculusGo/MI_OculusGo.uexp" 818
"../../../Engine/Plugins/Runtime/OpenXR/Content/Devices/OculusGo/OculusGoController.uasset" 819
"../../../Engine/Plugins/Runtime/OpenXR/Content/Devices/OculusGo/OculusGoController.ubulk" 820
"../../../Engine/Plugins/Runtime/OpenXR/Content/Devices/OculusGo/OculusGoController.uexp" 821
"../../../Engine/Plugins/Runtime/OpenXR/Content/Devices/HTCVive/BaseTexture.uasset" 822
"../../../Engine/Plugins/Runtime/OpenXR/Content/Devices/HTCVive/BaseTexture.ubulk" 823
"../../../Engine/Plugins/Runtime/OpenXR/Content/Devices/HTCVive/BaseTexture.uexp" 824
"../../../Engine/Plugins/Runtime/OpenXR/Content/Devices/HTCVive/MI_HTCVive.uasset" 825
"../../../Engine/Plugins/Runtime/OpenXR/Content/Devices/HTCVive/MI_HTCVive.uexp" 826
"../../../Engine/Plugins/Runtime/OpenXR/Content/Devices/HTCVive/HTCViveController.uasset" 827
"../../../Engine/Plugins/Runtime/OpenXR/Content/Devices/HTCVive/HTCViveController.ubulk" 828
"../../../Engine/Plugins/Runtime/OpenXR/Content/Devices/HTCVive/HTCViveController.uexp" 829
"../../../Engine/Plugins/Interchange/Assets/Content/gltf/Textures/T_White_srgb.uasset" 830
"../../../Engine/Plugins/Interchange/Assets/Content/gltf/Textures/T_White_srgb.uexp" 831
"../../../Engine/Plugins/Interchange/Assets/Content/gltf/MaterialFunctions/MF_BaseColor.uasset" 832
"../../../Engine/Plugins/Interchange/Assets/Content/gltf/MaterialFunctions/MF_BaseColor.uexp" 833
"../../../Engine/Plugins/Interchange/Assets/Content/gltf/MaterialFunctions/MF_RotateV2.uasset" 834
"../../../Engine/Plugins/Interchange/Assets/Content/gltf/MaterialFunctions/MF_RotateV2.uexp" 835
"../../../Engine/Plugins/Interchange/Assets/Content/gltf/MaterialFunctions/MF_TransformUVs.uasset" 836
"../../../Engine/Plugins/Interchange/Assets/Content/gltf/MaterialFunctions/MF_TransformUVs.uexp" 837
"../../../Engine/Plugins/Interchange/Assets/Content/gltf/MaterialBodies/MF_Unlit_Body.uasset" 838
"../../../Engine/Plugins/Interchange/Assets/Content/gltf/MaterialBodies/MF_Unlit_Body.uexp" 839
"../../../Engine/Plugins/Interchange/Assets/Content/gltf/M_Unlit.uasset" 840
"../../../Engine/Plugins/Interchange/Assets/Content/gltf/M_Unlit.uexp" 841
"../../../Engine/Plugins/Interchange/Assets/Content/gltf/MaterialInstances/MI_Unlit_Opaque_DS.uasset" 842
"../../../Engine/Plugins/Interchange/Assets/Content/gltf/MaterialInstances/MI_Unlit_Opaque_DS.uexp" 843
"../../../Engine/Plugins/Interchange/Assets/Content/gltf/MaterialInstances/MI_Unlit_Opaque.uasset" 844
"../../../Engine/Plugins/Interchange/Assets/Content/gltf/MaterialInstances/MI_Unlit_Opaque.uexp" 845
"../../../Engine/Plugins/Interchange/Assets/Content/gltf/MaterialInstances/MI_Unlit_Mask_DS.uasset" 846
"../../../Engine/Plugins/Interchange/Assets/Content/gltf/MaterialInstances/MI_Unlit_Mask_DS.uexp" 847
"../../../Engine/Plugins/Interchange/Assets/Content/gltf/MaterialInstances/MI_Unlit_Mask.uasset" 848
"../../../Engine/Plugins/Interchange/Assets/Content/gltf/MaterialInstances/MI_Unlit_Mask.uexp" 849
"../../../Engine/Plugins/Interchange/Assets/Content/gltf/MaterialInstances/MI_Unlit_Blend_DS.uasset" 850
"../../../Engine/Plugins/Interchange/Assets/Content/gltf/MaterialInstances/MI_Unlit_Blend_DS.uexp" 851
"../../../Engine/Plugins/Interchange/Assets/Content/gltf/MaterialInstances/MI_Unlit_Blend.uasset" 852
"../../../Engine/Plugins/Interchange/Assets/Content/gltf/MaterialInstances/MI_Unlit_Blend.uexp" 853
"../../../Engine/Content/EngineMaterials/Good64x64TilingNoiseHighFreq.uasset" 854
"../../../Engine/Content/EngineMaterials/Good64x64TilingNoiseHighFreq.uexp" 855
"../../../Engine/Content/Functions/Engine_MaterialFunctions02/Texturing/ScreenAlignedPixelToPixelUVs.uasset" 856
"../../../Engine/Content/Functions/Engine_MaterialFunctions02/Texturing/ScreenAlignedPixelToPixelUVs.uexp" 857
"../../../Engine/Plugins/Interchange/Assets/Content/Utilities/New_LUT.uasset" 858
"../../../Engine/Plugins/Interchange/Assets/Content/Utilities/New_LUT.uexp" 859
"../../../Engine/Content/Functions/Engine_MaterialFunctions03/Math/RemapValueRange.uasset" 860
"../../../Engine/Content/Functions/Engine_MaterialFunctions03/Math/RemapValueRange.uexp" 861
"../../../Engine/Plugins/Interchange/Assets/Content/Functions/MF_Iridescence.uasset" 862
"../../../Engine/Plugins/Interchange/Assets/Content/Functions/MF_Iridescence.uexp" 863
"../../../Engine/Plugins/Interchange/Assets/Content/gltf/MaterialFunctions/MF_Fresnel_DS.uasset" 864
"../../../Engine/Plugins/Interchange/Assets/Content/gltf/MaterialFunctions/MF_Fresnel_DS.uexp" 865
"../../../Engine/Plugins/Interchange/Assets/Content/gltf/MaterialFunctions/MF_IOR.uasset" 866
"../../../Engine/Plugins/Interchange/Assets/Content/gltf/MaterialFunctions/MF_IOR.uexp" 867
"../../../Engine/Plugins/Interchange/Assets/Content/gltf/MaterialFunctions/MF_Iridescence.uasset" 868
"../../../Engine/Plugins/Interchange/Assets/Content/gltf/MaterialFunctions/MF_Iridescence.uexp" 869
"../../../Engine/Plugins/Interchange/Assets/Content/gltf/Textures/T_White_Linear.uasset" 870
"../../../Engine/Plugins/Interchange/Assets/Content/gltf/Textures/T_White_Linear.uexp" 871
"../../../Engine/Plugins/Interchange/Assets/Content/gltf/MaterialFunctions/MF_MetallicRoughness.uasset" 872
"../../../Engine/Plugins/Interchange/Assets/Content/gltf/MaterialFunctions/MF_MetallicRoughness.uexp" 873
"../../../Engine/Plugins/Interchange/Assets/Content/gltf/MaterialFunctions/MF_RotateNormals_TS.uasset" 874
"../../../Engine/Plugins/Interchange/Assets/Content/gltf/MaterialFunctions/MF_RotateNormals_TS.uexp" 875
"../../../Engine/Plugins/Interchange/Assets/Content/gltf/MaterialFunctions/MF_ScaleNormal.uasset" 876
"../../../Engine/Plugins/Interchange/Assets/Content/gltf/MaterialFunctions/MF_ScaleNormal.uexp" 877
"../../../Engine/Plugins/Interchange/Assets/Content/gltf/Textures/T_Generic_N.uasset" 878
"../../../Engine/Plugins/Interchange/Assets/Content/gltf/Textures/T_Generic_N.uexp" 879
"../../../Engine/Plugins/Interchange/Assets/Content/gltf/MaterialFunctions/MF_Normals.uasset" 880
"../../../Engine/Plugins/Interchange/Assets/Content/gltf/MaterialFunctions/MF_Normals.uexp" 881
"../../../Engine/Plugins/Interchange/Assets/Content/gltf/MaterialFunctions/MF_Occlusion.uasset" 882
"../../../Engine/Plugins/Interchange/Assets/Content/gltf/MaterialFunctions/MF_Occlusion.uexp" 883
"../../../Engine/Plugins/Interchange/Assets/Content/gltf/MaterialFunctions/MF_Specular.uasset" 884
"../../../Engine/Plugins/Interchange/Assets/Content/gltf/MaterialFunctions/MF_Specular.uexp" 885
"../../../Engine/Plugins/Interchange/Assets/Content/gltf/Textures/T_Anisotropy_Direction_Linear.uasset" 886
"../../../Engine/Plugins/Interchange/Assets/Content/gltf/Textures/T_Anisotropy_Direction_Linear.uexp" 887
"../../../Engine/Plugins/Interchange/Assets/Content/gltf/MaterialFunctions/MF_SpecularAnisotropy.uasset" 888
"../../../Engine/Plugins/Interchange/Assets/Content/gltf/MaterialFunctions/MF_SpecularAnisotropy.uexp" 889
"../../../Engine/Plugins/Interchange/Assets/Content/gltf/MaterialFunctions/MF_Temporal_Blur.uasset" 890
"../../../Engine/Plugins/Interchange/Assets/Content/gltf/MaterialFunctions/MF_Temporal_Blur.uexp" 891
"../../../Engine/Plugins/Interchange/Assets/Content/gltf/MaterialFunctions/MF_Transmission.uasset" 892
"../../../Engine/Plugins/Interchange/Assets/Content/gltf/MaterialFunctions/MF_Transmission.uexp" 893
"../../../Engine/Plugins/Interchange/Assets/Content/gltf/MaterialBodies/MF_Transmission_Body.uasset" 894
"../../../Engine/Plugins/Interchange/Assets/Content/gltf/MaterialBodies/MF_Transmission_Body.uexp" 895
"../../../Engine/Plugins/Interchange/Assets/Content/gltf/M_Transmission.uasset" 896
"../../../Engine/Plugins/Interchange/Assets/Content/gltf/M_Transmission.uexp" 897
"../../../Engine/Plugins/Interchange/Assets/Content/gltf/MaterialInstances/MI_Transmission_DS.uasset" 898
"../../../Engine/Plugins/Interchange/Assets/Content/gltf/MaterialInstances/MI_Transmission_DS.uexp" 899
"../../../Engine/Plugins/Interchange/Assets/Content/gltf/MaterialInstances/MI_Transmission.uasset" 900
"../../../Engine/Plugins/Interchange/Assets/Content/gltf/MaterialInstances/MI_Transmission.uexp" 901
"../../../Engine/Content/Functions/Engine_MaterialFunctions02/Math/AddComponents.uasset" 902
"../../../Engine/Content/Functions/Engine_MaterialFunctions02/Math/AddComponents.uexp" 903
"../../../Engine/Plugins/Interchange/Assets/Content/gltf/MaterialFunctions/MF_DiffuseSpecGloss.uasset" 904
"../../../Engine/Plugins/Interchange/Assets/Content/gltf/MaterialFunctions/MF_DiffuseSpecGloss.uexp" 905
"../../../Engine/Plugins/Interchange/Assets/Content/gltf/MaterialFunctions/MF_Emissive.uasset" 906
"../../../Engine/Plugins/Interchange/Assets/Content/gltf/MaterialFunctions/MF_Emissive.uexp" 907
"../../../Engine/Plugins/Interchange/Assets/Content/gltf/MaterialFunctions/MF_MaxComponentValue.uasset" 908
"../../../Engine/Plugins/Interchange/Assets/Content/gltf/MaterialFunctions/MF_MaxComponentValue.uexp" 909
"../../../Engine/Plugins/Interchange/Assets/Content/gltf/MaterialFunctions/MF_PerceivedBrightness.uasset" 910
"../../../Engine/Plugins/Interchange/Assets/Content/gltf/MaterialFunctions/MF_PerceivedBrightness.uexp" 911
"../../../Engine/Plugins/Interchange/Assets/Content/gltf/MaterialFunctions/MF_SpecGlossToMetalRoughness.uasset" 912
"../../../Engine/Plugins/Interchange/Assets/Content/gltf/MaterialFunctions/MF_SpecGlossToMetalRoughness.uexp" 913
"../../../Engine/Plugins/Interchange/Assets/Content/gltf/MaterialBodies/MF_SpecularGlossiness_Body.uasset" 914
"../../../Engine/Plugins/Interchange/Assets/Content/gltf/MaterialBodies/MF_SpecularGlossiness_Body.uexp" 915
"../../../Engine/Plugins/Interchange/Assets/Content/gltf/M_SpecularGlossiness.uasset" 916
"../../../Engine/Plugins/Interchange/Assets/Content/gltf/M_SpecularGlossiness.uexp" 917
"../../../Engine/Plugins/Interchange/Assets/Content/gltf/MaterialInstances/MI_SpecularGlossiness_Opaque_DS.uasset" 918
"../../../Engine/Plugins/Interchange/Assets/Content/gltf/MaterialInstances/MI_SpecularGlossiness_Opaque_DS.uexp" 919
"../../../Engine/Plugins/Interchange/Assets/Content/gltf/MaterialInstances/MI_SpecularGlossiness_Opaque.uasset" 920
"../../../Engine/Plugins/Interchange/Assets/Content/gltf/MaterialInstances/MI_SpecularGlossiness_Opaque.uexp" 921
"../../../Engine/Plugins/Interchange/Assets/Content/gltf/MaterialInstances/MI_SpecularGlossiness_Mask_DS.uasset" 922
"../../../Engine/Plugins/Interchange/Assets/Content/gltf/MaterialInstances/MI_SpecularGlossiness_Mask_DS.uexp" 923
"../../../Engine/Plugins/Interchange/Assets/Content/gltf/MaterialInstances/MI_SpecularGlossiness_Mask.uasset" 924
"../../../Engine/Plugins/Interchange/Assets/Content/gltf/MaterialInstances/MI_SpecularGlossiness_Mask.uexp" 925
"../../../Engine/Plugins/Interchange/Assets/Content/gltf/MaterialInstances/MI_SpecularGlossiness_Blend_DS.uasset" 926
"../../../Engine/Plugins/Interchange/Assets/Content/gltf/MaterialInstances/MI_SpecularGlossiness_Blend_DS.uexp" 927
"../../../Engine/Plugins/Interchange/Assets/Content/gltf/MaterialInstances/MI_SpecularGlossiness_Blend.uasset" 928
"../../../Engine/Plugins/Interchange/Assets/Content/gltf/MaterialInstances/MI_SpecularGlossiness_Blend.uexp" 929
"../../../Engine/Plugins/Interchange/Assets/Content/gltf/MaterialFunctions/MF_Sheen.uasset" 930
"../../../Engine/Plugins/Interchange/Assets/Content/gltf/MaterialFunctions/MF_Sheen.uexp" 931
"../../../Engine/Plugins/Interchange/Assets/Content/gltf/MaterialBodies/MF_Sheen_Body.uasset" 932
"../../../Engine/Plugins/Interchange/Assets/Content/gltf/MaterialBodies/MF_Sheen_Body.uexp" 933
"../../../Engine/Plugins/Interchange/Assets/Content/gltf/M_Sheen.uasset" 934
"../../../Engine/Plugins/Interchange/Assets/Content/gltf/M_Sheen.uexp" 935
"../../../Engine/Plugins/Interchange/Assets/Content/gltf/MaterialInstances/MI_Sheen_Opaque_DS.uasset" 936
"../../../Engine/Plugins/Interchange/Assets/Content/gltf/MaterialInstances/MI_Sheen_Opaque_DS.uexp" 937
"../../../Engine/Plugins/Interchange/Assets/Content/gltf/MaterialInstances/MI_Sheen_Opaque.uasset" 938
"../../../Engine/Plugins/Interchange/Assets/Content/gltf/MaterialInstances/MI_Sheen_Opaque.uexp" 939
"../../../Engine/Plugins/Interchange/Assets/Content/gltf/MaterialInstances/MI_Sheen_Mask_DS.uasset" 940
"../../../Engine/Plugins/Interchange/Assets/Content/gltf/MaterialInstances/MI_Sheen_Mask_DS.uexp" 941
"../../../Engine/Plugins/Interchange/Assets/Content/gltf/MaterialInstances/MI_Sheen_Mask.uasset" 942
"../../../Engine/Plugins/Interchange/Assets/Content/gltf/MaterialInstances/MI_Sheen_Mask.uexp" 943
"../../../Engine/Plugins/Interchange/Assets/Content/gltf/MaterialInstances/MI_Sheen_Blend_DS.uasset" 944
"../../../Engine/Plugins/Interchange/Assets/Content/gltf/MaterialInstances/MI_Sheen_Blend_DS.uexp" 945
"../../../Engine/Plugins/Interchange/Assets/Content/gltf/MaterialInstances/MI_Sheen_Blend.uasset" 946
"../../../Engine/Plugins/Interchange/Assets/Content/gltf/MaterialInstances/MI_Sheen_Blend.uexp" 947
"../../../Engine/Plugins/Interchange/Assets/Content/gltf/MaterialBodies/MF_Default_Body.uasset" 948
"../../../Engine/Plugins/Interchange/Assets/Content/gltf/MaterialBodies/MF_Default_Body.uexp" 949
"../../../Engine/Plugins/Interchange/Assets/Content/gltf/M_Default.uasset" 950
"../../../Engine/Plugins/Interchange/Assets/Content/gltf/M_Default.uexp" 951
"../../../Engine/Plugins/Interchange/Assets/Content/gltf/MaterialInstances/MI_Default_Opaque_DS.uasset" 952
"../../../Engine/Plugins/Interchange/Assets/Content/gltf/MaterialInstances/MI_Default_Opaque_DS.uexp" 953
"../../../Engine/Plugins/Interchange/Assets/Content/gltf/MaterialInstances/MI_Default_Opaque.uasset" 954
"../../../Engine/Plugins/Interchange/Assets/Content/gltf/MaterialInstances/MI_Default_Opaque.uexp" 955
"../../../Engine/Plugins/Interchange/Assets/Content/gltf/MaterialInstances/MI_Default_Mask_DS.uasset" 956
"../../../Engine/Plugins/Interchange/Assets/Content/gltf/MaterialInstances/MI_Default_Mask_DS.uexp" 957
"../../../Engine/Plugins/Interchange/Assets/Content/gltf/MaterialInstances/MI_Default_Mask.uasset" 958
"../../../Engine/Plugins/Interchange/Assets/Content/gltf/MaterialInstances/MI_Default_Mask.uexp" 959
"../../../Engine/Plugins/Interchange/Assets/Content/gltf/MaterialInstances/MI_Default_Blend_DS.uasset" 960
"../../../Engine/Plugins/Interchange/Assets/Content/gltf/MaterialInstances/MI_Default_Blend_DS.uexp" 961
"../../../Engine/Plugins/Interchange/Assets/Content/gltf/MaterialInstances/MI_Default_Blend.uasset" 962
"../../../Engine/Plugins/Interchange/Assets/Content/gltf/MaterialInstances/MI_Default_Blend.uexp" 963
"../../../Engine/Content/Functions/Engine_MaterialFunctions01/Texturing/FlattenNormal.uasset" 964
"../../../Engine/Content/Functions/Engine_MaterialFunctions01/Texturing/FlattenNormal.uexp" 965
"../../../Engine/Plugins/Interchange/Assets/Content/gltf/MaterialFunctions/MF_Clearcoat.uasset" 966
"../../../Engine/Plugins/Interchange/Assets/Content/gltf/MaterialFunctions/MF_Clearcoat.uexp" 967
"../../../Engine/Plugins/Interchange/Assets/Content/gltf/MaterialBodies/MF_ClearCoat_Body.uasset" 968
"../../../Engine/Plugins/Interchange/Assets/Content/gltf/MaterialBodies/MF_ClearCoat_Body.uexp" 969
"../../../Engine/Plugins/Interchange/Assets/Content/gltf/M_ClearCoat.uasset" 970
"../../../Engine/Plugins/Interchange/Assets/Content/gltf/M_ClearCoat.uexp" 971
"../../../Engine/Plugins/Interchange/Assets/Content/gltf/MaterialInstances/MI_ClearCoat_Opaque_DS.uasset" 972
"../../../Engine/Plugins/Interchange/Assets/Content/gltf/MaterialInstances/MI_ClearCoat_Opaque_DS.uexp" 973
"../../../Engine/Plugins/Interchange/Assets/Content/gltf/MaterialInstances/MI_ClearCoat_Opaque.uasset" 974
"../../../Engine/Plugins/Interchange/Assets/Content/gltf/MaterialInstances/MI_ClearCoat_Opaque.uexp" 975
"../../../Engine/Plugins/Interchange/Assets/Content/gltf/MaterialInstances/MI_ClearCoat_Mask_DS.uasset" 976
"../../../Engine/Plugins/Interchange/Assets/Content/gltf/MaterialInstances/MI_ClearCoat_Mask_DS.uexp" 977
"../../../Engine/Plugins/Interchange/Assets/Content/gltf/MaterialInstances/MI_ClearCoat_Mask.uasset" 978
"../../../Engine/Plugins/Interchange/Assets/Content/gltf/MaterialInstances/MI_ClearCoat_Mask.uexp" 979
"../../../Engine/Plugins/Interchange/Assets/Content/gltf/MaterialInstances/MI_ClearCoat_Blend_DS.uasset" 980
"../../../Engine/Plugins/Interchange/Assets/Content/gltf/MaterialInstances/MI_ClearCoat_Blend_DS.uexp" 981
"../../../Engine/Plugins/Interchange/Assets/Content/gltf/MaterialInstances/MI_ClearCoat_Blend.uasset" 982
"../../../Engine/Plugins/Interchange/Assets/Content/gltf/MaterialInstances/MI_ClearCoat_Blend.uexp" 983
"../../../Engine/Content/VREditor/TransformGizmo/BoundingBoxEdge.uasset" 984
"../../../Engine/Content/VREditor/TransformGizmo/BoundingBoxEdge.ubulk" 985
"../../../Engine/Content/VREditor/TransformGizmo/BoundingBoxEdge.uexp" 986
"../../../Engine/Content/VREditor/TransformGizmo/BoundingBoxCorner.uasset" 987
"../../../Engine/Content/VREditor/TransformGizmo/BoundingBoxCorner.ubulk" 988
"../../../Engine/Content/VREditor/TransformGizmo/BoundingBoxCorner.uexp" 989
"../../../Engine/Content/Functions/Engine_MaterialFunctions01/Shading/PowerToRoughness.uasset" 990
"../../../Engine/Content/Functions/Engine_MaterialFunctions01/Shading/PowerToRoughness.uexp" 991
"../../../Engine/Content/Functions/Engine_MaterialFunctions01/Shading/ConvertFromDiffSpec.uasset" 992
"../../../Engine/Content/Functions/Engine_MaterialFunctions01/Shading/ConvertFromDiffSpec.uexp" 993
"../../../Engine/Plugins/Runtime/OpenXR/Content/Devices/ValveIndex/MRTexture.uasset" 994
"../../../Engine/Plugins/Runtime/OpenXR/Content/Devices/ValveIndex/MRTexture.ubulk" 995
"../../../Engine/Plugins/Runtime/OpenXR/Content/Devices/ValveIndex/MRTexture.uexp" 996
"../../../Engine/Plugins/Runtime/OpenXR/Content/Devices/ValveIndex/BaseTexture.uasset" 997
"../../../Engine/Plugins/Runtime/OpenXR/Content/Devices/ValveIndex/BaseTexture.ubulk" 998
"../../../Engine/Plugins/Runtime/OpenXR/Content/Devices/ValveIndex/BaseTexture.uexp" 999
"../../../Engine/Plugins/Runtime/OpenXR/Content/Devices/ValveIndex/Right/MI_right_ValveIndex.uasset" 1000
"../../../Engine/Plugins/Runtime/OpenXR/Content/Devices/ValveIndex/Right/MI_right_ValveIndex.uexp" 1001
"../../../Engine/Plugins/Runtime/OpenXR/Content/Devices/ValveIndex/Right/right_ValveIndexController.uasset" 1002
"../../../Engine/Plugins/Runtime/OpenXR/Content/Devices/ValveIndex/Right/right_ValveIndexController.ubulk" 1003
"../../../Engine/Plugins/Runtime/OpenXR/Content/Devices/ValveIndex/Right/right_ValveIndexController.uexp" 1004
"../../../Engine/Plugins/Runtime/OpenXR/Content/Devices/ValveIndex/Left/MI_left_ValveIndex.uasset" 1005
"../../../Engine/Plugins/Runtime/OpenXR/Content/Devices/ValveIndex/Left/MI_left_ValveIndex.uexp" 1006
"../../../Engine/Plugins/Runtime/OpenXR/Content/Devices/ValveIndex/Left/left_ValveIndexController.uasset" 1007
"../../../Engine/Plugins/Runtime/OpenXR/Content/Devices/ValveIndex/Left/left_ValveIndexController.ubulk" 1008
"../../../Engine/Plugins/Runtime/OpenXR/Content/Devices/ValveIndex/Left/left_ValveIndexController.uexp" 1009
"../../../Engine/Plugins/Runtime/OpenXR/Content/Devices/OculusTouch_v3/MRTexture.uasset" 1010
"../../../Engine/Plugins/Runtime/OpenXR/Content/Devices/OculusTouch_v3/MRTexture.ubulk" 1011
"../../../Engine/Plugins/Runtime/OpenXR/Content/Devices/OculusTouch_v3/MRTexture.uexp" 1012
"../../../Engine/Plugins/Runtime/OpenXR/Content/Devices/OculusTouch_v3/BaseTexture.uasset" 1013
"../../../Engine/Plugins/Runtime/OpenXR/Content/Devices/OculusTouch_v3/BaseTexture.ubulk" 1014
"../../../Engine/Plugins/Runtime/OpenXR/Content/Devices/OculusTouch_v3/BaseTexture.uexp" 1015
"../../../Engine/Plugins/Runtime/OpenXR/Content/Devices/OculusTouch_v3/MI_OculusTouch_v3.uasset" 1016
"../../../Engine/Plugins/Runtime/OpenXR/Content/Devices/OculusTouch_v3/MI_OculusTouch_v3.uexp" 1017
"../../../Engine/Plugins/Runtime/OpenXR/Content/Devices/OculusTouch_v3/Right/right_OculusTouch_v3Controller.uasset" 1018
"../../../Engine/Plugins/Runtime/OpenXR/Content/Devices/OculusTouch_v3/Right/right_OculusTouch_v3Controller.ubulk" 1019
"../../../Engine/Plugins/Runtime/OpenXR/Content/Devices/OculusTouch_v3/Right/right_OculusTouch_v3Controller.uexp" 1020
"../../../Engine/Plugins/Runtime/OpenXR/Content/Devices/OculusTouch_v3/Left/left_OculusTouch_v3Controller.uasset" 1021
"../../../Engine/Plugins/Runtime/OpenXR/Content/Devices/OculusTouch_v3/Left/left_OculusTouch_v3Controller.ubulk" 1022
"../../../Engine/Plugins/Runtime/OpenXR/Content/Devices/OculusTouch_v3/Left/left_OculusTouch_v3Controller.uexp" 1023
"../../../Engine/Plugins/Runtime/OpenXR/Content/Devices/OculusTouch_v2/MRTexture.uasset" 1024
"../../../Engine/Plugins/Runtime/OpenXR/Content/Devices/OculusTouch_v2/MRTexture.ubulk" 1025
"../../../Engine/Plugins/Runtime/OpenXR/Content/Devices/OculusTouch_v2/MRTexture.uexp" 1026
"../../../Engine/Plugins/Runtime/OpenXR/Content/Devices/OculusTouch_v2/BaseTexture.uasset" 1027
"../../../Engine/Plugins/Runtime/OpenXR/Content/Devices/OculusTouch_v2/BaseTexture.ubulk" 1028
"../../../Engine/Plugins/Runtime/OpenXR/Content/Devices/OculusTouch_v2/BaseTexture.uexp" 1029
"../../../Engine/Plugins/Runtime/OpenXR/Content/Devices/OculusTouch_v2/MI_OculusTouch_v2.uasset" 1030
"../../../Engine/Plugins/Runtime/OpenXR/Content/Devices/OculusTouch_v2/MI_OculusTouch_v2.uexp" 1031
"../../../Engine/Plugins/Runtime/OpenXR/Content/Devices/OculusTouch_v2/Right/right_OculusTouch_v2Controller.uasset" 1032
"../../../Engine/Plugins/Runtime/OpenXR/Content/Devices/OculusTouch_v2/Right/right_OculusTouch_v2Controller.ubulk" 1033
"../../../Engine/Plugins/Runtime/OpenXR/Content/Devices/OculusTouch_v2/Right/right_OculusTouch_v2Controller.uexp" 1034
"../../../Engine/Plugins/Runtime/OpenXR/Content/Devices/OculusTouch_v2/Left/left_OculusTouch_v2Controller.uasset" 1035
"../../../Engine/Plugins/Runtime/OpenXR/Content/Devices/OculusTouch_v2/Left/left_OculusTouch_v2Controller.ubulk" 1036
"../../../Engine/Plugins/Runtime/OpenXR/Content/Devices/OculusTouch_v2/Left/left_OculusTouch_v2Controller.uexp" 1037
"../../../Engine/Plugins/Runtime/OpenXR/Content/Devices/OculusTouch/MRTexture.uasset" 1038
"../../../Engine/Plugins/Runtime/OpenXR/Content/Devices/OculusTouch/MRTexture.ubulk" 1039
"../../../Engine/Plugins/Runtime/OpenXR/Content/Devices/OculusTouch/MRTexture.uexp" 1040
"../../../Engine/Plugins/Runtime/OpenXR/Content/Devices/OculusTouch/BaseTexture.uasset" 1041
"../../../Engine/Plugins/Runtime/OpenXR/Content/Devices/OculusTouch/BaseTexture.ubulk" 1042
"../../../Engine/Plugins/Runtime/OpenXR/Content/Devices/OculusTouch/BaseTexture.uexp" 1043
"../../../Engine/Plugins/Runtime/OpenXR/Content/Devices/OculusTouch/MI_OculusTouch.uasset" 1044
"../../../Engine/Plugins/Runtime/OpenXR/Content/Devices/OculusTouch/MI_OculusTouch.uexp" 1045
"../../../Engine/Plugins/Runtime/OpenXR/Content/Devices/OculusTouch/Right/right_OculusTouchController.uasset" 1046
"../../../Engine/Plugins/Runtime/OpenXR/Content/Devices/OculusTouch/Right/right_OculusTouchController.ubulk" 1047
"../../../Engine/Plugins/Runtime/OpenXR/Content/Devices/OculusTouch/Right/right_OculusTouchController.uexp" 1048
"../../../Engine/Plugins/Runtime/OpenXR/Content/Devices/OculusTouch/Left/left_OculusTouchController.uasset" 1049
"../../../Engine/Plugins/Runtime/OpenXR/Content/Devices/OculusTouch/Left/left_OculusTouchController.ubulk" 1050
"../../../Engine/Plugins/Runtime/OpenXR/Content/Devices/OculusTouch/Left/left_OculusTouchController.uexp" 1051
"../../../Engine/Plugins/Runtime/OpenXR/Content/Devices/MicrosoftMixedReality/NormalTexture.uasset" 1052
"../../../Engine/Plugins/Runtime/OpenXR/Content/Devices/MicrosoftMixedReality/NormalTexture.ubulk" 1053
"../../../Engine/Plugins/Runtime/OpenXR/Content/Devices/MicrosoftMixedReality/NormalTexture.uexp" 1054
"../../../Engine/Plugins/Runtime/OpenXR/Content/Devices/MicrosoftMixedReality/MRTexture.uasset" 1055
"../../../Engine/Plugins/Runtime/OpenXR/Content/Devices/MicrosoftMixedReality/MRTexture.ubulk" 1056
"../../../Engine/Plugins/Runtime/OpenXR/Content/Devices/MicrosoftMixedReality/MRTexture.uexp" 1057
"../../../Engine/Plugins/Runtime/OpenXR/Content/Devices/MicrosoftMixedReality/EmissiveTexture.uasset" 1058
"../../../Engine/Plugins/Runtime/OpenXR/Content/Devices/MicrosoftMixedReality/EmissiveTexture.ubulk" 1059
"../../../Engine/Plugins/Runtime/OpenXR/Content/Devices/MicrosoftMixedReality/EmissiveTexture.uexp" 1060
"../../../Engine/Plugins/Runtime/OpenXR/Content/Devices/MicrosoftMixedReality/BaseTexture.uasset" 1061
"../../../Engine/Plugins/Runtime/OpenXR/Content/Devices/MicrosoftMixedReality/BaseTexture.ubulk" 1062
"../../../Engine/Plugins/Runtime/OpenXR/Content/Devices/MicrosoftMixedReality/BaseTexture.uexp" 1063
"../../../Engine/Plugins/Runtime/OpenXR/Content/Devices/MicrosoftMixedReality/MI_MicrosoftMixedReality.uasset" 1064
"../../../Engine/Plugins/Runtime/OpenXR/Content/Devices/MicrosoftMixedReality/MI_MicrosoftMixedReality.uexp" 1065
"../../../Engine/Plugins/Runtime/OpenXR/Content/Devices/MicrosoftMixedReality/Right/right_MicrosoftMixedRealityController.uasset" 1066
"../../../Engine/Plugins/Runtime/OpenXR/Content/Devices/MicrosoftMixedReality/Right/right_MicrosoftMixedRealityController.ubulk" 1067
"../../../Engine/Plugins/Runtime/OpenXR/Content/Devices/MicrosoftMixedReality/Right/right_MicrosoftMixedRealityController.uexp" 1068
"../../../Engine/Plugins/Runtime/OpenXR/Content/Devices/MicrosoftMixedReality/Left/left_MicrosoftMixedRealityController.uasset" 1069
"../../../Engine/Plugins/Runtime/OpenXR/Content/Devices/MicrosoftMixedReality/Left/left_MicrosoftMixedRealityController.ubulk" 1070
"../../../Engine/Plugins/Runtime/OpenXR/Content/Devices/MicrosoftMixedReality/Left/left_MicrosoftMixedRealityController.uexp" 1071
"D:/FYP/ExtendedRealityNotes/Content/VRTemplate/Input/Actions/IA_Shoot_Left.uasset" 1072
"D:/FYP/ExtendedRealityNotes/Content/VRTemplate/Input/Actions/IA_Shoot_Left.uexp" 1073
"D:/FYP/ExtendedRealityNotes/Content/VRTemplate/Input/IMC_Weapon_Left.uasset" 1074
"D:/FYP/ExtendedRealityNotes/Content/VRTemplate/Input/IMC_Weapon_Left.uexp" 1075
"D:/FYP/ExtendedRealityNotes/Content/VRTemplate/Input/Actions/IA_Shoot_Right.uasset" 1076
"D:/FYP/ExtendedRealityNotes/Content/VRTemplate/Input/Actions/IA_Shoot_Right.uexp" 1077
"D:/FYP/ExtendedRealityNotes/Content/VRTemplate/Input/IMC_Weapon_Right.uasset" 1078
"D:/FYP/ExtendedRealityNotes/Content/VRTemplate/Input/IMC_Weapon_Right.uexp" 1079
"../../../Engine/Plugins/Animation/DeformerGraph/Content/DeformerFunctions/DG_Function_LinearBlendSkin_Morph_Cloth.uasset" 1080
"../../../Engine/Plugins/Animation/DeformerGraph/Content/DeformerFunctions/DG_Function_LinearBlendSkin_Morph_Cloth.uexp" 1081
"../../../Engine/Plugins/Animation/DeformerGraph/Content/Deformers/DG_LinearBlendSkin_Morph_Cloth.uasset" 1082
"../../../Engine/Plugins/Animation/DeformerGraph/Content/Deformers/DG_LinearBlendSkin_Morph_Cloth.uexp" 1083
"../../../Engine/Plugins/Animation/DeformerGraph/Content/DeformerFunctions/DG_Function_ComputeNormalsTangents.uasset" 1084
"../../../Engine/Plugins/Animation/DeformerGraph/Content/DeformerFunctions/DG_Function_ComputeNormalsTangents.uexp" 1085
"../../../Engine/Plugins/Animation/DeformerGraph/Content/DeformerFunctions/DG_Function_LinearBlendSkin_Morph_Cloth_PositionOnly.uasset" 1086
"../../../Engine/Plugins/Animation/DeformerGraph/Content/DeformerFunctions/DG_Function_LinearBlendSkin_Morph_Cloth_PositionOnly.uexp" 1087
"../../../Engine/Plugins/Animation/DeformerGraph/Content/Deformers/DG_LinearBlendSkin_Morph_Cloth_RecomputeNormals.uasset" 1088
"../../../Engine/Plugins/Animation/DeformerGraph/Content/Deformers/DG_LinearBlendSkin_Morph_Cloth_RecomputeNormals.uexp" 1089
"../../../Engine/Content/Maps/Entry_BuiltData.uasset" 1090
"../../../Engine/Content/Maps/Entry_BuiltData.uexp" 1091
"../../../Engine/Content/Maps/Entry.umap" 1092
"../../../Engine/Content/Maps/Entry.uexp" 1093
"D:/FYP/ExtendedRealityNotes/Content/VRTemplate/Maps/VRTemplateMap_BuiltData.uasset" 1094
"D:/FYP/ExtendedRealityNotes/Content/VRTemplate/Maps/VRTemplateMap_BuiltData.ubulk" 1095
"D:/FYP/ExtendedRealityNotes/Content/VRTemplate/Maps/VRTemplateMap_BuiltData.uexp" 1096
"../../../Engine/Content/BasicShapes/Sphere.uasset" 1097
"../../../Engine/Content/BasicShapes/Sphere.ubulk" 1098
"../../../Engine/Content/BasicShapes/Sphere.uexp" 1099
"../../../Engine/Content/BasicShapes/BasicShapeMaterial.uasset" 1100
"../../../Engine/Content/BasicShapes/BasicShapeMaterial.uexp" 1101
"../../../Engine/Content/VREditor/Devices/Generic/GenericHMDMaterial.uasset" 1102
"../../../Engine/Content/VREditor/Devices/Generic/GenericHMDMaterial.uexp" 1103
"../../../Engine/Content/VREditor/Devices/Generic/GenericHMD.uasset" 1104
"../../../Engine/Content/VREditor/Devices/Generic/GenericHMD.ubulk" 1105
"../../../Engine/Content/VREditor/Devices/Generic/GenericHMD.uexp" 1106
"../../../Engine/Content/VREditor/LaserPointer/LaserPointerMaterial.uasset" 1107
"../../../Engine/Content/VREditor/LaserPointer/LaserPointerMaterial.uexp" 1108
"../../../Engine/Content/VREditor/LaserPointer/LaserPointerMaterialInst.uasset" 1109
"../../../Engine/Content/VREditor/LaserPointer/LaserPointerMaterialInst.uexp" 1110
"../../../Engine/Content/VREditor/LaserPointer/TranslucentLaserPointerMaterialInst.uasset" 1111
"../../../Engine/Content/VREditor/LaserPointer/TranslucentLaserPointerMaterialInst.uexp" 1112
"../../../Engine/Content/VREditor/LaserPointer/LaserPointerMesh.uasset" 1113
"../../../Engine/Content/VREditor/LaserPointer/LaserPointerMesh.ubulk" 1114
"../../../Engine/Content/VREditor/LaserPointer/LaserPointerMesh.uexp" 1115
"../../../Engine/Content/BasicShapes/Cube.uasset" 1116
"../../../Engine/Content/BasicShapes/Cube.ubulk" 1117
"../../../Engine/Content/BasicShapes/Cube.uexp" 1118
"../../../Engine/Content/BasicShapes/Cone.uasset" 1119
"../../../Engine/Content/BasicShapes/Cone.ubulk" 1120
"../../../Engine/Content/BasicShapes/Cone.uexp" 1121
"../../../Engine/Content/MapTemplates/Materials/BasicAsset03.uasset" 1122
"../../../Engine/Content/MapTemplates/Materials/BasicAsset03.uexp" 1123
"../../../Engine/Plugins/Developer/AnimationSharing/Content/AnimSharingBase.uasset" 1124
"../../../Engine/Plugins/Developer/AnimationSharing/Content/AnimSharingBase.uexp" 1125
"../../../Engine/Content/EngineMaterials/DefaultPhysicalMaterial.uasset" 1126
"../../../Engine/Content/EngineMaterials/DefaultPhysicalMaterial.uexp" 1127
"D:/FYP/ExtendedRealityNotes/Content/VRTemplate/Materials/Note.uasset" 1128
"D:/FYP/ExtendedRealityNotes/Content/VRTemplate/Materials/Note.uexp" 1129
"D:/FYP/ExtendedRealityNotes/Content/VRTemplate/Materials/DefaultRibbonMaterial_NoGradient.uasset" 1130
"D:/FYP/ExtendedRealityNotes/Content/VRTemplate/Materials/DefaultRibbonMaterial_NoGradient.uexp" 1131
"D:/FYP/ExtendedRealityNotes/Content/VRTemplate/VFX/NS_MenuLaser.uasset" 1132
"D:/FYP/ExtendedRealityNotes/Content/VRTemplate/VFX/NS_MenuLaser.uexp" 1133
"D:/FYP/ExtendedRealityNotes/Content/VRTemplate/Materials/M_VRCursor.uasset" 1134
"D:/FYP/ExtendedRealityNotes/Content/VRTemplate/Materials/M_VRCursor.uexp" 1135
"D:/FYP/ExtendedRealityNotes/Content/VRTemplate/Input/Actions/IA_Menu_Cursor_Left.uasset" 1136
"D:/FYP/ExtendedRealityNotes/Content/VRTemplate/Input/Actions/IA_Menu_Cursor_Left.uexp" 1137
"D:/FYP/ExtendedRealityNotes/Content/VRTemplate/Input/Actions/IA_Menu_Cursor_Right.uasset" 1138
"D:/FYP/ExtendedRealityNotes/Content/VRTemplate/Input/Actions/IA_Menu_Cursor_Right.uexp" 1139
"D:/FYP/ExtendedRealityNotes/Content/VRTemplate/Input/Actions/IA_Menu_Interact_Left_Pressed.uasset" 1140
"D:/FYP/ExtendedRealityNotes/Content/VRTemplate/Input/Actions/IA_Menu_Interact_Left_Pressed.uexp" 1141
"D:/FYP/ExtendedRealityNotes/Content/VRTemplate/Input/Actions/IA_Menu_Interact_Right_Pressed.uasset" 1142
"D:/FYP/ExtendedRealityNotes/Content/VRTemplate/Input/Actions/IA_Menu_Interact_Right_Pressed.uexp" 1143
"D:/FYP/ExtendedRealityNotes/Content/VRTemplate/Input/IMC_Menu.uasset" 1144
"D:/FYP/ExtendedRealityNotes/Content/VRTemplate/Input/IMC_Menu.uexp" 1145
"D:/FYP/ExtendedRealityNotes/Content/VRTemplate/Blueprints/UI/Notification.uasset" 1146
"D:/FYP/ExtendedRealityNotes/Content/VRTemplate/Blueprints/UI/Notification.uexp" 1147
"D:/FYP/ExtendedRealityNotes/Content/VRTemplate/Blueprints/UI/NoteText.uasset" 1148
"D:/FYP/ExtendedRealityNotes/Content/VRTemplate/Blueprints/UI/NoteText.uexp" 1149
"D:/FYP/ExtendedRealityNotes/Content/VRTemplate/Blueprints/Menu/Key.uasset" 1150
"D:/FYP/ExtendedRealityNotes/Content/VRTemplate/Blueprints/Menu/Key.uexp" 1151
"D:/FYP/ExtendedRealityNotes/Content/VRTemplate/Blueprints/Menu/WMenu.uasset" 1152
"D:/FYP/ExtendedRealityNotes/Content/VRTemplate/Blueprints/Menu/WMenu.uexp" 1153
"D:/FYP/ExtendedRealityNotes/Content/VRTemplate/Blueprints/Menu.uasset" 1154
"D:/FYP/ExtendedRealityNotes/Content/VRTemplate/Blueprints/Menu.uexp" 1155
"../../../Engine/Content/EngineDebugMaterials/VertexColorViewMode_RedOnly.uasset" 1156
"../../../Engine/Content/EngineDebugMaterials/VertexColorViewMode_RedOnly.uexp" 1157
"D:/FYP/ExtendedRealityNotes/Content/VRTemplate/Blueprints/DeleteProjectile.uasset" 1158
"D:/FYP/ExtendedRealityNotes/Content/VRTemplate/Blueprints/DeleteProjectile.uexp" 1159
"../../../Engine/Content/Functions/Engine_MaterialFunctions02/Texturing/CustomRotator.uasset" 1160
"../../../Engine/Content/Functions/Engine_MaterialFunctions02/Texturing/CustomRotator.uexp" 1161
"../../../Engine/Content/EditorShapes/Textures/T_ShapeNormal.uasset" 1162
"../../../Engine/Content/EditorShapes/Textures/T_ShapeNormal.ubulk" 1163
"../../../Engine/Content/EditorShapes/Textures/T_ShapeNormal.uexp" 1164
"../../../Engine/Content/Functions/MaterialLayerFunctions/MatLayerBlend_Standard.uasset" 1165
"../../../Engine/Content/Functions/MaterialLayerFunctions/MatLayerBlend_Standard.uexp" 1166
"../../../Engine/Content/Functions/MaterialLayerFunctions/MatLayerBlend_Simple.uasset" 1167
"../../../Engine/Content/Functions/MaterialLayerFunctions/MatLayerBlend_Simple.uexp" 1168
"../../../Engine/Content/Functions/Engine_MaterialFunctions02/Fresnel_Function.uasset" 1169
"../../../Engine/Content/Functions/Engine_MaterialFunctions02/Fresnel_Function.uexp" 1170
"../../../Engine/Plugins/Enterprise/DatasmithContent/Content/Materials/FBXImporter/VRED/VREDRepeatMode.uasset" 1171
"../../../Engine/Plugins/Enterprise/DatasmithContent/Content/Materials/FBXImporter/VRED/VREDRepeatMode.uexp" 1172
"../../../Engine/Plugins/Enterprise/DatasmithContent/Content/Materials/FBXImporter/VRED/UVMapping.uasset" 1173
"../../../Engine/Plugins/Enterprise/DatasmithContent/Content/Materials/FBXImporter/VRED/UVMapping.uexp" 1174
"../../../Engine/Plugins/Enterprise/DatasmithContent/Content/Materials/FBXImporter/VRED/PlanarMapping.uasset" 1175
"../../../Engine/Plugins/Enterprise/DatasmithContent/Content/Materials/FBXImporter/VRED/PlanarMapping.uexp" 1176
"../../../Engine/Plugins/Enterprise/DatasmithContent/Content/Materials/FBXImporter/VRED/TriplanarMapping.uasset" 1177
"../../../Engine/Plugins/Enterprise/DatasmithContent/Content/Materials/FBXImporter/VRED/TriplanarMapping.uexp" 1178
"../../../Engine/Plugins/Enterprise/DatasmithContent/Content/Materials/FBXImporter/VRED/VREDTextureRead.uasset" 1179
"../../../Engine/Plugins/Enterprise/DatasmithContent/Content/Materials/FBXImporter/VRED/VREDTextureRead.uexp" 1180
"../../../Engine/Content/Functions/Engine_MaterialFunctions01/Texturing/BakedDisplacement.uasset" 1181
"../../../Engine/Content/Functions/Engine_MaterialFunctions01/Texturing/BakedDisplacement.uexp" 1182
"../../../Engine/Plugins/Enterprise/DatasmithContent/Content/Materials/FBXImporter/VRED/RemapDistribution.uasset" 1183
"../../../Engine/Plugins/Enterprise/DatasmithContent/Content/Materials/FBXImporter/VRED/RemapDistribution.uexp" 1184
"../../../Engine/Plugins/Enterprise/DatasmithContent/Content/Materials/FBXImporter/VRED/SimplifiedFlakes.uasset" 1185
"../../../Engine/Plugins/Enterprise/DatasmithContent/Content/Materials/FBXImporter/VRED/SimplifiedFlakes.uexp" 1186
"../../../Engine/Plugins/Enterprise/DatasmithContent/Content/Materials/FBXImporter/VRED/CellularFlakes.uasset" 1187
"../../../Engine/Plugins/Enterprise/DatasmithContent/Content/Materials/FBXImporter/VRED/CellularFlakes.uexp" 1188
"../../../Engine/Plugins/Enterprise/DatasmithContent/Content/Materials/FBXImporter/VRED/MetallicCarpaint.uasset" 1189
"../../../Engine/Plugins/Enterprise/DatasmithContent/Content/Materials/FBXImporter/VRED/MetallicCarpaint.uexp" 1190
"D:/FYP/ExtendedRealityNotes/Content/VRTemplate/Blueprints/UpdateProjectile.uasset" 1191
"D:/FYP/ExtendedRealityNotes/Content/VRTemplate/Blueprints/UpdateProjectile.uexp" 1192
"D:/FYP/ExtendedRealityNotes/Content/VRTemplate/Blueprints/SpacialAnchorManager.uasset" 1193
"D:/FYP/ExtendedRealityNotes/Content/VRTemplate/Blueprints/SpacialAnchorManager.uexp" 1194
"D:/FYP/ExtendedRealityNotes/Content/VRTemplate/Blueprints/UI/AnchorInfo.uasset" 1195
"D:/FYP/ExtendedRealityNotes/Content/VRTemplate/Blueprints/UI/AnchorInfo.uexp" 1196
"D:/FYP/ExtendedRealityNotes/Content/VRTemplate/Blueprints/Note.uasset" 1197
"D:/FYP/ExtendedRealityNotes/Content/VRTemplate/Blueprints/Note.uexp" 1198
"D:/FYP/ExtendedRealityNotes/Content/VRTemplate/Input/Actions/IA_Grab_Left_Pressed.uasset" 1199
"D:/FYP/ExtendedRealityNotes/Content/VRTemplate/Input/Actions/IA_Grab_Left_Pressed.uexp" 1200
"D:/FYP/ExtendedRealityNotes/Content/VRTemplate/Input/Actions/IA_Grab_Left_Released.uasset" 1201
"D:/FYP/ExtendedRealityNotes/Content/VRTemplate/Input/Actions/IA_Grab_Left_Released.uexp" 1202
"D:/FYP/ExtendedRealityNotes/Content/VRTemplate/Input/Actions/IA_Grab_Right_Pressed.uasset" 1203
"D:/FYP/ExtendedRealityNotes/Content/VRTemplate/Input/Actions/IA_Grab_Right_Pressed.uexp" 1204
"D:/FYP/ExtendedRealityNotes/Content/VRTemplate/Input/Actions/IA_Grab_Right_Released.uasset" 1205
"D:/FYP/ExtendedRealityNotes/Content/VRTemplate/Input/Actions/IA_Grab_Right_Released.uexp" 1206
"D:/FYP/ExtendedRealityNotes/Content/VRTemplate/Input/Actions/IA_Menu_Toggle_Left.uasset" 1207
"D:/FYP/ExtendedRealityNotes/Content/VRTemplate/Input/Actions/IA_Menu_Toggle_Left.uexp" 1208
"D:/FYP/ExtendedRealityNotes/Content/VRTemplate/Input/Actions/IA_Menu_Toggle_Right.uasset" 1209
"D:/FYP/ExtendedRealityNotes/Content/VRTemplate/Input/Actions/IA_Menu_Toggle_Right.uexp" 1210
"D:/FYP/ExtendedRealityNotes/Content/VRTemplate/Input/B_InputModifier_XAxisPositiveOnly.uasset" 1211
"D:/FYP/ExtendedRealityNotes/Content/VRTemplate/Input/B_InputModifier_XAxisPositiveOnly.uexp" 1212
"D:/FYP/ExtendedRealityNotes/Content/VRTemplate/Input/Actions/IA_Move.uasset" 1213
"D:/FYP/ExtendedRealityNotes/Content/VRTemplate/Input/Actions/IA_Move.uexp" 1214
"D:/FYP/ExtendedRealityNotes/Content/VRTemplate/Input/Actions/IA_Turn.uasset" 1215
"D:/FYP/ExtendedRealityNotes/Content/VRTemplate/Input/Actions/IA_Turn.uexp" 1216
"D:/FYP/ExtendedRealityNotes/Content/VRTemplate/Input/Actions/IA_Delete.uasset" 1217
"D:/FYP/ExtendedRealityNotes/Content/VRTemplate/Input/Actions/IA_Delete.uexp" 1218
"D:/FYP/ExtendedRealityNotes/Content/VRTemplate/Input/Actions/IA_Update.uasset" 1219
"D:/FYP/ExtendedRealityNotes/Content/VRTemplate/Input/Actions/IA_Update.uexp" 1220
"D:/FYP/ExtendedRealityNotes/Content/VRTemplate/Input/Actions/IA_Place.uasset" 1221
"D:/FYP/ExtendedRealityNotes/Content/VRTemplate/Input/Actions/IA_Place.uexp" 1222
"D:/FYP/ExtendedRealityNotes/Content/VRTemplate/Input/IMC_Default.uasset" 1223
"D:/FYP/ExtendedRealityNotes/Content/VRTemplate/Input/IMC_Default.uexp" 1224
"D:/FYP/ExtendedRealityNotes/Content/VRTemplate/Input/Actions/Hands/IA_Hand_Grasp_Left.uasset" 1225
"D:/FYP/ExtendedRealityNotes/Content/VRTemplate/Input/Actions/Hands/IA_Hand_Grasp_Left.uexp" 1226
"D:/FYP/ExtendedRealityNotes/Content/VRTemplate/Input/Actions/Hands/IA_Hand_Grasp_Right.uasset" 1227
"D:/FYP/ExtendedRealityNotes/Content/VRTemplate/Input/Actions/Hands/IA_Hand_Grasp_Right.uexp" 1228
"D:/FYP/ExtendedRealityNotes/Content/VRTemplate/Input/Actions/Hands/IA_Hand_IndexCurl_Left.uasset" 1229
"D:/FYP/ExtendedRealityNotes/Content/VRTemplate/Input/Actions/Hands/IA_Hand_IndexCurl_Left.uexp" 1230
"D:/FYP/ExtendedRealityNotes/Content/VRTemplate/Input/Actions/Hands/IA_Hand_IndexCurl_Right.uasset" 1231
"D:/FYP/ExtendedRealityNotes/Content/VRTemplate/Input/Actions/Hands/IA_Hand_IndexCurl_Right.uexp" 1232
"D:/FYP/ExtendedRealityNotes/Content/VRTemplate/Input/Actions/Hands/IA_Hand_Point_Left.uasset" 1233
"D:/FYP/ExtendedRealityNotes/Content/VRTemplate/Input/Actions/Hands/IA_Hand_Point_Left.uexp" 1234
"D:/FYP/ExtendedRealityNotes/Content/VRTemplate/Input/Actions/Hands/IA_Hand_Point_Right.uasset" 1235
"D:/FYP/ExtendedRealityNotes/Content/VRTemplate/Input/Actions/Hands/IA_Hand_Point_Right.uexp" 1236
"D:/FYP/ExtendedRealityNotes/Content/VRTemplate/Input/Actions/Hands/IA_Hand_ThumbUp_Left.uasset" 1237
"D:/FYP/ExtendedRealityNotes/Content/VRTemplate/Input/Actions/Hands/IA_Hand_ThumbUp_Left.uexp" 1238
"D:/FYP/ExtendedRealityNotes/Content/VRTemplate/Input/Actions/Hands/IA_Hand_ThumbUp_Right.uasset" 1239
"D:/FYP/ExtendedRealityNotes/Content/VRTemplate/Input/Actions/Hands/IA_Hand_ThumbUp_Right.uexp" 1240
"D:/FYP/ExtendedRealityNotes/Content/VRTemplate/Input/IMC_Hands.uasset" 1241
"D:/FYP/ExtendedRealityNotes/Content/VRTemplate/Input/IMC_Hands.uexp" 1242
"D:/FYP/ExtendedRealityNotes/Content/VRTemplate/Blueprints/ARSessionConfig.uasset" 1243
"D:/FYP/ExtendedRealityNotes/Content/VRTemplate/Blueprints/ARSessionConfig.uexp" 1244
"D:/FYP/ExtendedRealityNotes/Content/VRTemplate/Blueprints/GrabComponent.uasset" 1245
"D:/FYP/ExtendedRealityNotes/Content/VRTemplate/Blueprints/GrabComponent.uexp" 1246
"D:/FYP/ExtendedRealityNotes/Content/VRTemplate/Blueprints/BPI_PawnAnim.uasset" 1247
"D:/FYP/ExtendedRealityNotes/Content/VRTemplate/Blueprints/BPI_PawnAnim.uexp" 1248
"D:/FYP/ExtendedRealityNotes/Content/Characters/MannequinsXR/Meshes/SK_MannequinsXR.uasset" 1249
"D:/FYP/ExtendedRealityNotes/Content/Characters/MannequinsXR/Meshes/SK_MannequinsXR.uexp" 1250
"../../../Engine/Content/Animation/DefaultRecorderBoneCompression.uasset" 1251
"../../../Engine/Content/Animation/DefaultRecorderBoneCompression.uexp" 1252
"../../../Engine/Content/Animation/DefaultAnimCurveCompressionSettings.uasset" 1253
"../../../Engine/Content/Animation/DefaultAnimCurveCompressionSettings.uexp" 1254
"D:/FYP/ExtendedRealityNotes/Content/Characters/MannequinsXR/Animations/A_MannequinsXR_Grasp_Right.uasset" 1255
"D:/FYP/ExtendedRealityNotes/Content/Characters/MannequinsXR/Animations/A_MannequinsXR_Grasp_Right.m.ubulk" 1256
"D:/FYP/ExtendedRealityNotes/Content/Characters/MannequinsXR/Animations/A_MannequinsXR_Grasp_Right.uexp" 1257
"D:/FYP/ExtendedRealityNotes/Content/Characters/MannequinsXR/Animations/A_MannequinsXR_Idle_Right.uasset" 1258
"D:/FYP/ExtendedRealityNotes/Content/Characters/MannequinsXR/Animations/A_MannequinsXR_Idle_Right.m.ubulk" 1259
"D:/FYP/ExtendedRealityNotes/Content/Characters/MannequinsXR/Animations/A_MannequinsXR_Idle_Right.uexp" 1260
"D:/FYP/ExtendedRealityNotes/Content/Characters/MannequinsXR/Animations/A_MannequinsXR_IndexCurl_Right.uasset" 1261
"D:/FYP/ExtendedRealityNotes/Content/Characters/MannequinsXR/Animations/A_MannequinsXR_IndexCurl_Right.m.ubulk" 1262
"D:/FYP/ExtendedRealityNotes/Content/Characters/MannequinsXR/Animations/A_MannequinsXR_IndexCurl_Right.uexp" 1263
"D:/FYP/ExtendedRealityNotes/Content/Characters/MannequinsXR/Animations/A_MannequinsXR_Point_Right.uasset" 1264
"D:/FYP/ExtendedRealityNotes/Content/Characters/MannequinsXR/Animations/A_MannequinsXR_Point_Right.m.ubulk" 1265
"D:/FYP/ExtendedRealityNotes/Content/Characters/MannequinsXR/Animations/A_MannequinsXR_Point_Right.uexp" 1266
"D:/FYP/ExtendedRealityNotes/Content/Characters/MannequinsXR/Animations/A_MannequinsXR_ThumbUp_Right.uasset" 1267
"D:/FYP/ExtendedRealityNotes/Content/Characters/MannequinsXR/Animations/A_MannequinsXR_ThumbUp_Right.m.ubulk" 1268
"D:/FYP/ExtendedRealityNotes/Content/Characters/MannequinsXR/Animations/A_MannequinsXR_ThumbUp_Right.uexp" 1269
"D:/FYP/ExtendedRealityNotes/Content/Characters/MannequinsXR/Animations/MDT_MannequinsXR.uasset" 1270
"D:/FYP/ExtendedRealityNotes/Content/Characters/MannequinsXR/Animations/MDT_MannequinsXR.uexp" 1271
"D:/FYP/ExtendedRealityNotes/Content/Characters/MannequinsXR/Meshes/ABP_MannequinsXR.uasset" 1272
"D:/FYP/ExtendedRealityNotes/Content/Characters/MannequinsXR/Meshes/ABP_MannequinsXR.uexp" 1273
"D:/FYP/ExtendedRealityNotes/Content/Characters/MannequinsXR/Textures/Manny/T_Manny_02_Tan.uasset" 1274
"D:/FYP/ExtendedRealityNotes/Content/Characters/MannequinsXR/Textures/Manny/T_Manny_02_Tan.ubulk" 1275
"D:/FYP/ExtendedRealityNotes/Content/Characters/MannequinsXR/Textures/Manny/T_Manny_02_Tan.uexp" 1276
"D:/FYP/ExtendedRealityNotes/Content/Characters/MannequinsXR/Textures/Manny/T_Manny_02_N.uasset" 1277
"D:/FYP/ExtendedRealityNotes/Content/Characters/MannequinsXR/Textures/Manny/T_Manny_02_N.ubulk" 1278
"D:/FYP/ExtendedRealityNotes/Content/Characters/MannequinsXR/Textures/Manny/T_Manny_02_N.uexp" 1279
"D:/FYP/ExtendedRealityNotes/Content/Characters/MannequinsXR/Textures/Manny/T_Manny_02_MSR_MSK.uasset" 1280
"D:/FYP/ExtendedRealityNotes/Content/Characters/MannequinsXR/Textures/Manny/T_Manny_02_MSR_MSK.ubulk" 1281
"D:/FYP/ExtendedRealityNotes/Content/Characters/MannequinsXR/Textures/Manny/T_Manny_02_MSR_MSK.uexp" 1282
"D:/FYP/ExtendedRealityNotes/Content/Characters/MannequinsXR/Textures/Manny/T_Manny_02_D.uasset" 1283
"D:/FYP/ExtendedRealityNotes/Content/Characters/MannequinsXR/Textures/Manny/T_Manny_02_D.ubulk" 1284
"D:/FYP/ExtendedRealityNotes/Content/Characters/MannequinsXR/Textures/Manny/T_Manny_02_D.uexp" 1285
"D:/FYP/ExtendedRealityNotes/Content/Characters/MannequinsXR/Textures/Manny/T_Manny_02_CCRCCPlastic_MSK.uasset" 1286
"D:/FYP/ExtendedRealityNotes/Content/Characters/MannequinsXR/Textures/Manny/T_Manny_02_CCRCCPlastic_MSK.ubulk" 1287
"D:/FYP/ExtendedRealityNotes/Content/Characters/MannequinsXR/Textures/Manny/T_Manny_02_CCRCCPlastic_MSK.uexp" 1288
"D:/FYP/ExtendedRealityNotes/Content/Characters/MannequinsXR/Textures/Manny/T_Manny_02_BN.uasset" 1289
"D:/FYP/ExtendedRealityNotes/Content/Characters/MannequinsXR/Textures/Manny/T_Manny_02_BN.ubulk" 1290
"D:/FYP/ExtendedRealityNotes/Content/Characters/MannequinsXR/Textures/Manny/T_Manny_02_BN.uexp" 1291
"D:/FYP/ExtendedRealityNotes/Content/Characters/MannequinsXR/Textures/Manny/T_Manny_02_ASAOPMASK_MSK.uasset" 1292
"D:/FYP/ExtendedRealityNotes/Content/Characters/MannequinsXR/Textures/Manny/T_Manny_02_ASAOPMASK_MSK.ubulk" 1293
"D:/FYP/ExtendedRealityNotes/Content/Characters/MannequinsXR/Textures/Manny/T_Manny_02_ASAOPMASK_MSK.uexp" 1294
"D:/FYP/ExtendedRealityNotes/Content/Characters/MannequinsXR/Textures/Manny/T_Manny_01_Tan.uasset" 1295
"D:/FYP/ExtendedRealityNotes/Content/Characters/MannequinsXR/Textures/Manny/T_Manny_01_Tan.ubulk" 1296
"D:/FYP/ExtendedRealityNotes/Content/Characters/MannequinsXR/Textures/Manny/T_Manny_01_Tan.uexp" 1297
"D:/FYP/ExtendedRealityNotes/Content/Characters/MannequinsXR/Textures/Manny/T_Manny_01_N.uasset" 1298
"D:/FYP/ExtendedRealityNotes/Content/Characters/MannequinsXR/Textures/Manny/T_Manny_01_N.ubulk" 1299
"D:/FYP/ExtendedRealityNotes/Content/Characters/MannequinsXR/Textures/Manny/T_Manny_01_N.uexp" 1300
"D:/FYP/ExtendedRealityNotes/Content/Characters/MannequinsXR/Textures/Manny/T_Manny_01_MSR_MSK.uasset" 1301
"D:/FYP/ExtendedRealityNotes/Content/Characters/MannequinsXR/Textures/Manny/T_Manny_01_MSR_MSK.ubulk" 1302
"D:/FYP/ExtendedRealityNotes/Content/Characters/MannequinsXR/Textures/Manny/T_Manny_01_MSR_MSK.uexp" 1303
"D:/FYP/ExtendedRealityNotes/Content/Characters/MannequinsXR/Textures/Manny/T_Manny_01_D.uasset" 1304
"D:/FYP/ExtendedRealityNotes/Content/Characters/MannequinsXR/Textures/Manny/T_Manny_01_D.ubulk" 1305
"D:/FYP/ExtendedRealityNotes/Content/Characters/MannequinsXR/Textures/Manny/T_Manny_01_D.uexp" 1306
"D:/FYP/ExtendedRealityNotes/Content/Characters/MannequinsXR/Textures/Manny/T_Manny_01_CCRCCPlastic_MSK.uasset" 1307
"D:/FYP/ExtendedRealityNotes/Content/Characters/MannequinsXR/Textures/Manny/T_Manny_01_CCRCCPlastic_MSK.ubulk" 1308
"D:/FYP/ExtendedRealityNotes/Content/Characters/MannequinsXR/Textures/Manny/T_Manny_01_CCRCCPlastic_MSK.uexp" 1309
"D:/FYP/ExtendedRealityNotes/Content/Characters/MannequinsXR/Textures/Manny/T_Manny_01_BN.uasset" 1310
"D:/FYP/ExtendedRealityNotes/Content/Characters/MannequinsXR/Textures/Manny/T_Manny_01_BN.ubulk" 1311
"D:/FYP/ExtendedRealityNotes/Content/Characters/MannequinsXR/Textures/Manny/T_Manny_01_BN.uexp" 1312
"D:/FYP/ExtendedRealityNotes/Content/Characters/MannequinsXR/Textures/Manny/T_Manny_01_ASAOPMASK_MSK.uasset" 1313
"D:/FYP/ExtendedRealityNotes/Content/Characters/MannequinsXR/Textures/Manny/T_Manny_01_ASAOPMASK_MSK.ubulk" 1314
"D:/FYP/ExtendedRealityNotes/Content/Characters/MannequinsXR/Textures/Manny/T_Manny_01_ASAOPMASK_MSK.uexp" 1315
"D:/FYP/ExtendedRealityNotes/Content/Characters/MannequinsXR/Materials/Functions/ChromaticCurve.uasset" 1316
"D:/FYP/ExtendedRealityNotes/Content/Characters/MannequinsXR/Materials/Functions/ChromaticCurve.uexp" 1317
"D:/FYP/ExtendedRealityNotes/Content/Characters/MannequinsXR/Materials/Functions/CA_Mannequin.uasset" 1318
"D:/FYP/ExtendedRealityNotes/Content/Characters/MannequinsXR/Materials/Functions/CA_Mannequin.uexp" 1319
"D:/FYP/ExtendedRealityNotes/Content/Characters/MannequinsXR/Materials/Functions/MF_Diffraction.uasset" 1320
"D:/FYP/ExtendedRealityNotes/Content/Characters/MannequinsXR/Materials/Functions/MF_Diffraction.uexp" 1321
"D:/FYP/ExtendedRealityNotes/Content/Characters/MannequinsXR/Textures/Shared/T_UE_Logo_M.uasset" 1322
"D:/FYP/ExtendedRealityNotes/Content/Characters/MannequinsXR/Textures/Shared/T_UE_Logo_M.uexp" 1323
"D:/FYP/ExtendedRealityNotes/Content/Characters/MannequinsXR/Materials/Functions/MF_logo3layers.uasset" 1324
"D:/FYP/ExtendedRealityNotes/Content/Characters/MannequinsXR/Materials/Functions/MF_logo3layers.uexp" 1325
"D:/FYP/ExtendedRealityNotes/Content/Characters/MannequinsXR/Materials/Functions/ML_BaseColorFallOff.uasset" 1326
"D:/FYP/ExtendedRealityNotes/Content/Characters/MannequinsXR/Materials/Functions/ML_BaseColorFallOff.uexp" 1327
"D:/FYP/ExtendedRealityNotes/Content/Characters/MannequinsXR/Materials/M_Mannequin.uasset" 1328
"D:/FYP/ExtendedRealityNotes/Content/Characters/MannequinsXR/Materials/M_Mannequin.uexp" 1329
"D:/FYP/ExtendedRealityNotes/Content/Characters/MannequinsXR/Materials/Instances/Manny/MI_Manny_01.uasset" 1330
"D:/FYP/ExtendedRealityNotes/Content/Characters/MannequinsXR/Materials/Instances/Manny/MI_Manny_01.uexp" 1331
"D:/FYP/ExtendedRealityNotes/Content/Characters/MannequinsXR/Materials/Instances/Manny/MI_Manny_02.uasset" 1332
"D:/FYP/ExtendedRealityNotes/Content/Characters/MannequinsXR/Materials/Instances/Manny/MI_Manny_02.uexp" 1333
"D:/FYP/ExtendedRealityNotes/Content/Characters/MannequinsXR/Meshes/SKM_MannyXR_left.uasset" 1334
"D:/FYP/ExtendedRealityNotes/Content/Characters/MannequinsXR/Meshes/SKM_MannyXR_left.uexp" 1335
"D:/FYP/ExtendedRealityNotes/Content/Characters/MannequinsXR/B_MannequinsXR.uasset" 1336
"D:/FYP/ExtendedRealityNotes/Content/Characters/MannequinsXR/B_MannequinsXR.uexp" 1337
"D:/FYP/ExtendedRealityNotes/Content/Characters/MannequinsXR/Meshes/SKM_MannyXR_right.uasset" 1338
"D:/FYP/ExtendedRealityNotes/Content/Characters/MannequinsXR/Meshes/SKM_MannyXR_right.uexp" 1339
"D:/FYP/ExtendedRealityNotes/Content/VRTemplate/Blueprints/UI/Crosshair.uasset" 1340
"D:/FYP/ExtendedRealityNotes/Content/VRTemplate/Blueprints/UI/Crosshair.uexp" 1341
"D:/FYP/ExtendedRealityNotes/Content/VRTemplate/Blueprints/ARPawn.uasset" 1342
"D:/FYP/ExtendedRealityNotes/Content/VRTemplate/Blueprints/ARPawn.uexp" 1343
"D:/FYP/ExtendedRealityNotes/Content/VRTemplate/Blueprints/ARGameMode.uasset" 1344
"D:/FYP/ExtendedRealityNotes/Content/VRTemplate/Blueprints/ARGameMode.uexp" 1345
"D:/FYP/ExtendedRealityNotes/Content/VRTemplate/Blueprints/Tests.uasset" 1346
"D:/FYP/ExtendedRealityNotes/Content/VRTemplate/Blueprints/Tests.uexp" 1347
"D:/FYP/ExtendedRealityNotes/Content/VRTemplate/Maps/VRTemplateMap.umap" 1348
"D:/FYP/ExtendedRealityNotes/Content/VRTemplate/Maps/VRTemplateMap.uexp" 1349
